timestamp,lat,lon,p_drone_pa,h_hae_true,p_ref_pa,h_ref_msl,t_ref_k,q_ref,roughness,n_geoid,h_msl_pred_phy,h_hae_pred_phy,residual_hae
1970-01-01 00:10:45.326161,22.9109217,120.3098401,100203.0,135.898,4999.999999999999,61.25622139156445,297.02070680533825,0.0102014882555486,12.438170269260487,19.7938547470327,-35073.974059263266,-35054.18020451623,35190.078204516234
1970-01-01 00:10:45.866248,22.9109468,120.3097719,100201.0,136.063,4999.999999999999,61.25622139156445,297.0220173806976,0.010201322226378,12.438170269260487,19.793646072997223,-35073.822130369925,-35054.02848429693,35190.09148429693
1970-01-01 00:10:46.514188,22.9109867,120.3097157,100189.0,136.483,4999.999999999999,61.25622139156445,297.0234678863816,0.010201239834659,12.438170269260487,19.7934823761742,-35072.151840833234,-35052.35835845706,35188.84135845706
1970-01-01 00:10:46.946281,22.9110387,120.3096744,100178.0,137.183,4999.999999999999,61.25622139156445,297.024970884138,0.0102012434616873,12.438170269260487,19.793371772146287,-35070.641075142295,-35050.84770337015,35188.03070337015
1970-01-01 00:10:47.486701,22.9110983,120.3096484,100185.0,137.828,4999.999999999999,61.25622139156445,297.0264349454783,0.0102013217983992,12.438170269260487,19.793313592752856,-35071.88879628242,-35052.09548268967,35189.92348268967
1970-01-01 00:10:47.918699,22.9111621,120.3096393,100163.0,138.334,4999.999999999999,20.0,297.0277758565441,0.0102014709542617,7.83400597434682,19.79331152642432,-35109.92623784656,-35090.13292632013,35228.466926320136
1970-01-01 00:10:48.350725,22.9112263,120.3096527,100188.0,139.021,4999.999999999999,20.0,297.028853968233,0.0102016999940643,7.83400597434682,19.793381985760316,-35113.8916545427,-35094.09827255694,35233.11927255694
1970-01-01 00:10:48.458711,22.9112263,120.3096527,100173.0,139.021,4999.999999999999,20.0,297.028853968233,0.0102016999940643,7.83400597434682,19.793381985760316,-35111.5890035384,-35091.79562155264,35230.81662155264
1970-01-01 00:10:48.890807,22.9112873,120.3096849,100169.0,139.782,4999.999999999999,20.0,297.02964541857443,0.0102019860270087,8.19630914643555,19.79351158934081,-35111.06852460588,-35091.27501301654,35231.057013016536
1970-01-01 00:10:49.322844,22.9113448,120.3097265,100171.0,140.156,4999.999999999999,20.0,297.03025788659284,0.0102022954103465,2.104955837890911,19.793670014732985,-35111.44801167203,-35091.6543416573,35231.8103416573
1970-01-01 00:10:49.949231,22.9114009,120.3097696,100158.0,140.064,4999.999999999999,100.83923367551472,297.03082678866247,0.0102026064279892,13.161211580334395,19.79383274999743,-35028.680163012956,-35008.88633026296,35148.95033026296
1970-01-01 00:10:50.510798,22.9114571,120.3098101,100154.0,140.045,4999.999999999999,20.0,297.03143012005046,0.0102029089252322,9.979071331707637,19.79398722940821,-35108.97658483074,-35089.182597601335,35229.22759760133
1970-01-01 00:10:50.942816,22.9115145,120.3098422,100162.0,140.081,4999.999999999999,20.0,297.03215819116906,0.010203185566353,3.803910924680165,19.79411521493977,-35110.2910091069,-35090.496893891956,35230.577893891954
1970-01-01 00:10:51.482999,22.9115729,120.3098576,100150.0,140.212,4999.999999999999,88.44773856680122,297.0331055244427,0.0102034063978642,14.434415410555768,19.794189826436003,-35040.11280054728,-35020.318610720846,35160.530610720845
1970-01-01 00:10:51.915008,22.911628,120.30985,100164.0,140.937,4999.999999999999,88.44773856680122,297.0342628712839,0.0102035366946529,14.434415410555768,19.794188864982864,-35042.39926232609,-35022.60507346111,35163.54207346111
1970-01-01 00:10:52.347084,22.9116782,120.3098285,100161.0,141.439,4999.999999999999,20.0,297.03549011405266,0.010203603809259,1.2749007733663873,19.794140970038388,-35110.53154188928,-35090.73740091924,35232.17640091924
1970-01-01 00:10:52.887201,22.9117274,120.309805,100164.0,141.227,4999.999999999999,20.0,297.0367210708748,0.0102036608410347,1.2749007733663873,19.794086182987517,-35111.13773716315,-35091.34365098017,35232.57065098017
1970-01-01 00:10:53.319233,22.9117788,120.3097902,100153.0,140.776,4999.999999999999,20.0,297.03789086567645,0.0102037547964911,1.2749007733663873,19.79406037558924,-35109.58712872547,-35089.79306834988,35230.569068349876
1970-01-01 00:10:53.859183,22.9118325,120.3097948,100163.0,140.338,4999.999999999999,20.0,297.03887527890527,0.0102039240052188,6.006425300113459,19.794098106408857,-35111.23898338931,-35091.4448852829,35231.782885282904
1970-01-01 00:10:54.507373,22.9118841,120.3098209,100169.0,140.174,4999.999999999999,20.0,297.0395653062335,0.0102041636145979,7.27039333642538,19.794204310355816,-35112.241795552,-35092.447591241646,35232.621591241645
1970-01-01 00:10:54.939381,22.9119297,120.3098655,100175.0,140.12,4999.999999999999,20.0,297.03992175110227,0.0102044520634599,7.27039333642538,19.79436770566627,-35113.20511194195,-35093.41074423628,35233.53074423628
1970-01-01 00:10:55.349907,22.9119669,120.3099258,100175.5,139.968,4999.999999999999,20.0,297.0399316033015,0.0102047726596264,10.058299185838068,19.7945782949428,-35113.2830383909,-35093.488460095956,35233.45646009596
1970-01-01 00:10:55.479535,22.9119669,120.3099258,100167.0,139.968,4999.999999999999,20.0,297.0399316033015,0.0102047726596264,10.058299185838068,19.7945782949428,-35111.978056590444,-35092.1834782955,35232.1514782955
1970-01-01 00:10:55.911621,22.9119931,120.31,100171.0,139.851,4999.999999999999,20.0,297.0395656692398,0.0102051115719002,6.510016048591106,19.794829213931,-35112.548895751956,-35092.75406653802,35232.605066538024
1970-01-01 00:10:56.343595,22.9120091,120.3100832,100188.0,139.753,4999.999999999999,117.95144515259402,297.0388967706659,0.0102054535539985,13.146048608968451,19.795105016537843,-35017.12811665187,-34997.33301163533,35137.08601163533
1970-01-01 00:10:56.883579,22.9120205,120.3101692,100200.0,139.604,4999.999999999999,20.0,297.0381062153127,0.0102057924763235,8.366441449858485,19.79538807710268,-35116.82802860068,-35097.032640523576,35236.636640523575
1970-01-01 00:10:57.942162,22.9120441,120.3103419,100210.336,138.893,4999.999999999999,108.8782410577284,297.0365342502672,0.0102064755467083,13.59763655482803,19.795957345060398,-35029.35024356732,-35009.554286222265,35148.44728622226
1970-01-01 00:10:58.503840,22.912048,120.310434,100192.0,137.897,4999.999999999999,20.0,297.0355272266823,0.0102068149326708,8.34058065054877,19.79625747539,-35115.29500409674,-35095.49874662135,35233.39574662135
1970-01-01 00:10:58.935908,22.9120318,120.3105331,100193.0,136.91,4999.999999999999,20.0,297.034044784562,0.010207121010972,10.65263313825716,19.796571798710225,-35115.273149057655,-35095.476577258945,35232.38657725895
1970-01-01 00:10:59.476033,22.9119923,120.3106329,100208.0,136.516,4999.999999999999,76.8632503683389,297.0320964976005,0.0102073616017909,13.928566368661771,19.79687846323744,-35060.48174559014,-35040.6848671269,35177.20086712691
1970-01-01 00:10:59.908290,22.9119434,120.3107286,100214.0,136.889,4999.999999999999,76.8632503683389,297.03000967787693,0.0102075596501174,13.928566368661771,19.7971678630756,-35061.15572270198,-35041.3585548389,35178.247554838905
1970-01-01 00:11:00.340381,22.9118972,120.3108228,100218.0,137.22,4999.999999999999,42.695599919547625,297.02799082075285,0.0102077595860235,12.73155978932457,19.79745367160493,-35095.6984089903,-35075.90095531869,35213.12095531869
1970-01-01 00:11:00.880404,22.9118549,120.3109178,100227.0,137.352,4999.999999999999,42.695599919547625,297.0260366562518,0.0102079731552271,12.73155978932457,19.79774388941257,-35096.84834010401,-35077.05059621459,35214.40259621459
1970-01-01 00:11:01.949789,22.9117507,120.3111038,100205.43,136.897,4999.999999999999,20.0,297.0217815428585,0.0102083267364323,3.271159733777245,19.798303054509933,-35115.73036280477,-35095.93205975026,35232.82905975026
1970-01-01 00:11:02.500697,22.9116723,120.3111834,100219.0,136.258,4999.999999999999,20.0,297.0192888160953,0.0102083775661036,3.271159733777245,19.798527593243907,-35117.51802025678,-35097.719492663535,35233.97749266354
1970-01-01 00:11:02.932763,22.9115796,120.3112493,100221.0,136.131,4999.999999999999,20.0,297.01667241245275,0.0102083369233784,3.271159733777245,19.79870124437182,-35117.515408065185,-35097.716706820815,35233.847706820816
1970-01-01 00:11:03.343236,22.9114853,120.3113107,100228.5,136.709,4999.999999999999,42.695599919547625,297.0140743291911,0.0102082748217355,12.73155978932457,19.79885950272162,-35095.66330763072,-35075.864448128,35212.573448128
1970-01-01 00:11:03.472767,22.9114853,120.3113107,100226.0,136.709,4999.999999999999,42.695599919547625,297.0140743291911,0.0102082748217355,12.73155978932457,19.79885950272162,-35095.27969650885,-35075.48083700613,35212.18983700613
1970-01-01 00:11:03.904906,22.9113943,120.3113755,100221.0,137.1,4999.999999999999,42.695599919547625,297.0114975158498,0.0102082336123156,12.73155978932457,19.799030244597606,-35094.207610158075,-35074.40857991348,35211.508579913476
1970-01-01 00:11:04.337025,22.9113084,120.3114468,100218.0,137.169,4999.999999999999,42.695599919547625,297.0089404556068,0.0102082294929497,12.73155978932457,19.79922437574064,-35093.444751903415,-35073.645527527675,35210.81452752768
1970-01-01 00:11:04.877004,22.9112298,120.3115257,100220.0,137.053,4999.999999999999,42.695599919547625,297.0064334721341,0.0102082728138615,12.73155978932457,19.79944648329189,-35093.455077363,-35073.65563087971,35210.70863087971
1970-01-01 00:11:05.935499,22.9111082,120.311707,100231.164,136.206,4999.999999999999,20.0,297.00183425003627,0.0102085451204938,3.271159733777245,19.79998319306611,-35117.31959113943,-35097.519607946364,35233.72560794636
1970-01-01 00:11:06.497283,22.9110642,120.3118047,100242.0,136.224,4999.999999999999,20.0,296.9997798059544,0.0102087549597912,3.271159733777245,19.80028215256487,-35118.739055235135,-35098.93877308257,35235.16277308257
1970-01-01 00:11:06.713378,22.9110326,120.3118779,100225.0,136.412,4999.999999999999,63.49646271047641,296.99826614201777,0.0102089158681514,14.666007006843014,19.800506835061377,-35072.45522230728,-35052.65471547222,35189.06671547222
1970-01-01 00:11:07.350631,22.910979,120.3119988,100220.86,136.989,4999.999999999999,63.49646271047641,296.9957348894096,0.0102091766700922,14.666007006843014,19.8008774536328,-35071.52052315282,-35051.71964569919,35188.70864569919
1970-01-01 00:11:07.469446,22.910979,120.3119988,100211.0,136.989,4999.999999999999,63.49646271047641,296.9957348894096,0.0102091766700922,14.666007006843014,19.8008774536328,-35070.007515933794,-35050.20663848016,35187.19563848016
1970-01-01 00:11:07.901384,22.910944,120.3120964,100218.0,137.293,4999.999999999999,106.75817564071431,296.9938543405382,0.0102094114472354,13.199131631520086,19.80118050644797,-35027.59748964856,-35007.79630914211,35145.08930914211
1970-01-01 00:11:08.333383,22.9109246,120.3121951,100210.0,137.103,4999.999999999999,20.0,296.9922714893049,0.0102096966733477,4.579857282228539,19.801494329967586,-35112.9408171887,-35093.13932285873,35230.242322858736
1970-01-01 00:11:08.873421,22.9109249,120.312291,100209.0,137.008,4999.999999999999,20.0,296.9911172930333,0.0102100315068498,2.9413166788061877,19.80180807080899,-35112.65082601302,-35092.849017942215,35229.85701794222
1970-01-01 00:11:09.521399,22.9109403,120.3123808,100219.0,137.204,4999.999999999999,77.10824300890782,296.9903407890957,0.0102103909062677,13.940375480859837,19.80210888111386,-35056.985212384076,-35037.18310350296,35174.38710350296
1970-01-01 00:11:09.953410,22.9109622,120.3124665,100220.0,137.385,4999.999999999999,50.91502738549215,296.98974565753895,0.0102107559752389,12.819423071040172,19.80239941174056,-35083.26146515892,-35063.45906574718,35200.84406574718
1970-01-01 00:11:10.493409,22.910984,120.3125522,100232.0,137.271,4999.999999999999,20.0,296.9891496380185,0.0102111210093438,1.3255962764315172,19.802690092684628,-35115.9471803142,-35096.144490221515,35233.415490221516
1970-01-01 00:11:10.925404,22.9109997,120.3126406,100227.0,136.777,4999.999999999999,20.0,296.9883989085598,0.0102114771123089,3.786001669136435,19.802987049052955,-35115.091221656796,-35095.288234607746,35232.06523460775
1970-01-01 00:11:11.335844,22.9110035,120.3127343,100237.5,135.921,4999.999999999999,58.76297913701906,296.9873442935095,0.0102118155058437,14.517032252996197,19.803296171613063,-35077.81443335704,-35058.01113718542,35193.932137185424
1970-01-01 00:11:11.897514,22.9109896,120.312833,100244.0,134.971,4999.999999999999,20.0,296.9858709173782,0.0102121171264258,9.503021738044517,19.80361382784733,-35117.400282790615,-35097.59666896277,35232.567668962765
1970-01-01 00:11:12.329517,22.9109585,120.3129322,100239.0,134.79,4999.999999999999,20.0,296.9840416823629,0.0102123674390892,9.503021738044517,19.80392544117209,-35116.41680346604,-35096.61287802487,35231.40287802487
1970-01-01 00:11:12.869791,22.9109226,120.3130288,100251.0,135.32,4999.999999999999,20.0,296.9821445112599,0.010212593471504,5.172470228340899,19.80422646151485,-35118.0332191093,-35098.22899264778,35233.54899264778
1970-01-01 00:11:13.517824,22.9108921,120.3131233,100247.0,135.72,4999.999999999999,20.0,296.9803805609409,0.0102128283667955,2.5795071282132644,19.804523194601465,-35117.210913470124,-35097.40639027552,35233.12639027552
1970-01-01 00:11:13.949790,22.9108725,120.3132158,100235.0,135.917,4999.999999999999,20.0,296.9788612039632,0.0102130896094846,2.5795071282132644,19.80481850705537,-35115.190240280564,-35095.385421773506,35231.30242177351
1970-01-01 00:11:14.489814,22.9108688,120.3133037,100228.0,136.104,4999.999999999999,78.58573653668478,296.97772089916134,0.0102133838813374,14.722535063015306,19.80510616333113,-35055.39565293771,-35035.59054677438,35171.69454677438
1970-01-01 00:11:14.921815,22.9108843,120.3133802,100220.0,136.365,4999.999999999999,20.0,296.9771106838588,0.0102136980775921,3.5067881593771304,19.80536529787206,-35112.681762838256,-35092.876397540385,35229.24139754038
1970-01-01 00:11:15.343037,22.9109155,120.3134364,100231.86,137.073,4999.999999999999,20.0,296.9770678674931,0.0102139906084918,1.4302738335339789,19.80556493120724,-35114.49634144503,-35094.690776513824,35231.76377651382
1970-01-01 00:11:15.461805,22.9109155,120.3134364,100214.0,137.073,4999.999999999999,20.0,296.9770678674931,0.0102139906084918,1.4302738335339789,19.80556493120724,-35111.75606940024,-35091.95050446903,35229.02350446903
1970-01-01 00:11:15.893974,22.9109522,120.3134707,100227.0,138.123,4999.999999999999,20.0,296.97740340074233,0.0102142242140637,8.55613247336189,19.80569499521838,-35113.7904025958,-35093.98470760058,35232.10770760058
1970-01-01 00:11:16.326166,22.9109878,120.3134876,100231.0,139.046,4999.999999999999,20.0,296.97792736199654,0.0102143939089673,8.55613247336189,19.805767207452764,-35114.466084038904,-35094.660316831454,35233.706316831456
1970-01-01 00:11:16.952584,22.91102,120.3134903,100208.664,139.567,4999.999999999999,20.0,296.97855350101963,0.0102145035607358,3.7762341315163854,19.80579102066429,-35111.11302973209,-35091.30723871143,35230.87423871143
1970-01-01 00:11:17.514220,22.9110464,120.3134769,100216.0,139.94,4999.999999999999,20.0,296.9792552225172,0.0102145389671988,3.7762341315163854,19.805759041831585,-35112.32171214435,-35092.51595310252,35232.45595310252
1970-01-01 00:11:17.946168,22.9110639,120.3134502,100195.0,140.23,4999.999999999999,20.0,296.9799350748036,0.0102145001904726,3.7762341315163854,19.805679076645564,-35109.17960860458,-35089.37392952794,35229.60392952794
1970-01-01 00:11:18.486167,22.9110695,120.3134114,100203.0,140.484,4999.999999999999,20.0,296.98051729448014,0.0102143821008377,8.55613247336189,19.80555371973142,-35110.476175346645,-35090.670621626916,35231.15462162691
1970-01-01 00:11:18.918283,22.9110611,120.313364,100212.0,140.69,4999.999999999999,20.0,296.98091715687474,0.0102141904869147,8.55613247336189,19.80539358022744,-35111.90454218509,-35092.09914860486,35232.78914860486
1970-01-01 00:11:19.350423,22.9110394,120.3133139,100218.0,140.814,4999.999999999999,20.0,296.981078432587,0.0102139482697945,1.4302738335339789,19.805218466870127,-35112.844276122996,-35093.039057656126,35233.853057656124
1970-01-01 00:11:19.890587,22.9110086,120.3132654,100227.0,140.549,4999.999999999999,20.0,296.9810354967773,0.0102136836097209,3.5067881593771304,19.805044504531686,-35114.22009623361,-35094.41505172908,35234.964051729075
1970-01-01 00:11:20.322592,22.9109753,120.3132181,100234.0,139.918,4999.999999999999,78.58573653668478,296.9809280206904,0.0102134156137413,14.722535063015306,19.80487342010055,-35056.695607855945,-35036.890734435845,35176.80873443584
1970-01-01 00:11:20.862867,22.9109456,120.3131704,100242.0,138.647,4999.999999999999,78.58573653668478,296.9808996326687,0.0102131575747852,14.722535063015306,19.80470275294053,-35057.919561209346,-35038.11485845641,35176.761858456404
1970-01-01 00:11:21.511034,22.9109313,120.3131221,100247.0,137.054,4999.999999999999,20.0,296.9811927072559,0.0102129451831114,2.5795071282132644,19.80453726602783,-35117.307002499,-35097.502465232974,35234.55646523297
1970-01-01 00:11:21.943072,22.9109408,120.3130813,100258.0,135.976,4999.999999999999,20.0,296.98187941829,0.0102128323913428,2.5795071282132644,19.804407435879888,-35119.07561243462,-35099.271204998746,35235.24720499875
1970-01-01 00:11:22.483231,22.9109631,120.3130507,100274.0,135.767,4999.999999999999,20.0,296.9827027436411,0.0102127945211957,2.5795071282132644,19.804317046267343,-35121.62711240214,-35101.82279535587,35237.58979535587
1970-01-01 00:11:22.915216,22.910987,120.3130231,100273.0,135.714,4999.999999999999,20.0,296.9835219264345,0.0102127719392161,2.5795071282132644,19.80423726061996,-35121.57067401581,-35101.76643675519,35237.48043675519
1970-01-01 00:11:23.347187,22.9110053,120.3129894,100270.0,135.553,4999.999999999999,20.0,296.98430063171463,0.0102127107531504,5.172470228340899,19.804134859087156,-35121.202694212894,-35101.39855935381,35236.95155935381
1970-01-01 00:11:23.455274,22.9110053,120.3129894,100271.0,135.553,4999.999999999999,20.0,296.98430063171463,0.0102127107531504,5.172470228340899,19.804134859087156,-35121.356069689886,-35101.5519348308,35237.1049348308
1970-01-01 00:11:23.887388,22.9110121,120.3129459,100275.0,135.631,4999.999999999999,20.0,296.9849638521402,0.0102125799354925,5.172470228340899,19.803994996887425,-35122.0480376772,-35102.244042680315,35237.875042680316
1970-01-01 00:11:24.945915,22.9109783,120.3128449,100277.0,136.063,4999.999999999999,20.0,296.9854981980178,0.0102121239652817,9.503021738044517,19.803647742170774,-35122.418005063206,-35102.614357321036,35238.67735732104
1970-01-01 00:11:25.507491,22.9109466,120.3127959,100279.0,135.967,4999.999999999999,58.76297913701906,296.98544832253634,0.0102118560573589,14.517032252996197,19.8034723902226,-35083.95585770141,-35064.15238531119,35200.11938531118
1970-01-01 00:11:25.939534,22.9109109,120.3127479,100286.0,135.695,4999.999999999999,20.0,296.9853063417406,0.0102115796153847,3.786001669136435,19.803298575433065,-35123.77556398933,-35103.9722654139,35239.6672654139
1970-01-01 00:11:26.479814,22.9108756,120.3126997,100302.0,134.99,4999.999999999999,20.0,296.9851759030514,0.0102113039464255,1.3255962764315172,19.80312436790964,-35126.21367777418,-35106.41055340628,35241.400553406274
1970-01-01 00:11:26.911794,22.9108461,120.3126498,100312.0,133.655,4999.999999999999,50.91502738549215,296.98518428897614,0.0102110403178782,12.819423071040172,19.802947309175806,-35096.832950203476,-35077.0300028943,35210.6850028943
1970-01-01 00:11:27.343797,22.9108304,120.3125978,100291.0,131.916,4999.999999999999,50.91502738549215,296.98549765176176,0.0102108116791731,12.819423071040172,19.802769726734027,-35093.64994430825,-35073.84717458152,35205.763174581516
1970-01-01 00:11:27.883804,22.9108332,120.3125466,100306.0,130.731,4999.999999999999,77.10824300890782,296.9861750230332,0.0102106422729185,13.940375480859837,19.802603244728928,-35069.837013805765,-35050.034410561035,35180.765410561035
1970-01-01 00:11:28.855852,22.9108567,120.3124476,100328.0,129.836,4999.999999999999,77.10824300890782,296.9878488691654,0.0102103695979186,13.940375480859837,19.80228969116316,-35073.40814003865,-35053.605850347485,35183.44185034749
1970-01-01 00:11:29.503908,22.9108663,120.3123966,100337.0,129.245,4999.999999999999,20.0,296.9886601624846,0.0102102213941115,2.9413166788061877,19.802127094964817,-35131.9921138872,-35112.18998679223,35241.434986792236
1970-01-01 00:11:29.935922,22.910868,120.3123411,100337.0,128.85,4999.999999999999,20.0,296.9893667819473,0.0102100335263335,2.9413166788061877,19.801946249576797,-35132.07575035254,-35112.27380410296,35241.12380410296
1970-01-01 00:11:30.346436,22.9108541,120.3122806,100338.664,128.692,4999.999999999999,20.0,296.98982045032983,0.0102097810479562,4.579857282228539,19.801742069833438,-35132.38453002188,-35112.58278795205,35241.274787952054
1970-01-01 00:11:30.476047,22.9108541,120.3122806,100337.0,128.692,4999.999999999999,20.0,296.98982045032983,0.0102097810479562,4.579857282228539,19.801742069833438,-35132.12944717515,-35112.32770510532,35241.019705105326
1970-01-01 00:11:30.908008,22.9108226,120.3122202,100343.0,128.635,4999.999999999999,106.75817564071431,296.9899200758354,0.0102094758555765,13.199131631520086,19.80153037068805,-35046.30281744497,-35026.50128707429,35155.13628707429
1970-01-01 00:11:31.339908,22.9107799,120.3121635,100343.0,128.431,4999.999999999999,63.49646271047641,296.9897512746816,0.0102091499868228,14.666007006843014,19.801325824997303,-35089.54455031241,-35069.74322448741,35198.174224487404
1970-01-01 00:11:31.879910,22.9107336,120.3121089,100360.0,127.937,4999.999999999999,20.0,296.9894862530726,0.0102088209004921,3.271159733777245,19.80112662830433,-35135.61536819274,-35115.81424156443,35243.75124156443
1970-01-01 00:11:32.938637,22.9106593,120.3119935,100359.164,124.89,4999.999999999999,76.8632503683389,296.98940245430947,0.0102081973550137,13.928566368661771,19.80071656232508,-35078.614066358154,-35058.813349795826,35183.703349795825
1970-01-01 00:11:33.500173,22.9106496,120.3119322,100392.0,123.53,4999.999999999999,20.0,296.98995507728387,0.0102079559657445,10.65263313825716,19.8005122791483,-35140.57479560298,-35120.77428332383,35244.30428332383
1970-01-01 00:11:33.932173,22.9106469,120.3118721,100401.0,123.066,4999.999999999999,20.0,296.9906332357144,0.0102077397928276,10.65263313825716,19.80031513827669,-35142.03408836024,-35122.23377322196,35245.29977322196
1970-01-01 00:11:34.472280,22.9106363,120.3118098,100396.0,122.743,4999.999999999999,20.0,296.9911806693949,0.0102074923883907,8.34058065054877,19.80010737478716,-35141.33279810469,-35121.5326907299,35244.275690729904
1970-01-01 00:11:34.904444,22.9106115,120.3117461,100411.0,122.642,4999.999999999999,108.8782410577284,296.9914625116192,0.0102071978092251,13.59763655482803,19.799888799852848,-35054.78614442037,-35034.98625562052,35157.62825562052
1970-01-01 00:11:35.336458,22.9105809,120.3116835,100412.0,122.251,4999.999999999999,20.0,296.99161638098803,0.010206889958199,4.904281137950123,19.79967133200933,-35143.83580837828,-35124.03613704627,35246.28713704627
1970-01-01 00:11:35.876412,22.9105538,120.31162,100415.0,121.259,4999.999999999999,20.0,296.9918520267531,0.0102065896979406,8.366441449858485,19.79945261764936,-35144.32331630607,-35124.523863688424,35245.78286368842
1970-01-01 00:11:36.945840,22.9105636,120.3115022,100429.29,118.683,4999.999999999999,117.95144515259402,296.99348497645315,0.0102062117620309,13.146048608968451,19.7990739239176,-35048.754337981496,-35028.95526405758,35147.638264057576
1970-01-01 00:11:37.496616,22.9106017,120.3114643,100437.0,118.558,4999.999999999999,117.95144515259402,296.9947038454209,0.010206193835282,13.146048608968451,19.798967681025815,-35050.079678444105,-35030.28071076308,35148.83871076308
1970-01-01 00:11:37.928613,22.9106467,120.3114378,100446.0,118.808,4999.999999999999,117.95144515259402,296.9959198471741,0.0102062356248246,13.146048608968451,19.79890155141144,-35051.60219881995,-35031.80329726854,35150.61129726854
1970-01-01 00:11:38.339004,22.9106905,120.3114108,100437.836,119.096,4999.999999999999,20.0,296.9971174165345,0.0102062719540774,8.366441449858485,19.798833253441288,-35148.44497661839,-35128.646143364946,35247.74214336494
1970-01-01 00:11:38.468620,22.9106905,120.3114108,100445.0,119.096,4999.999999999999,20.0,296.9971174165345,0.0102062719540774,8.366441449858485,19.798833253441288,-35149.542291625534,-35129.74345837209,35248.83945837209
1970-01-01 00:11:38.900586,22.9107267,120.3113722,100429.0,119.527,4999.999999999999,117.95144515259402,296.9983046408246,0.0102062453784982,13.146048608968451,19.79872388200865,-35049.280605607964,-35029.48188172596,35149.00888172596
1970-01-01 00:11:39.332588,22.9107451,120.3113342,100419.0,119.912,4999.999999999999,117.95144515259402,296.99913113013065,0.0102061680306824,13.146048608968451,19.79860857797162,-35047.846536607474,-35028.047928029504,35147.9599280295
1970-01-01 00:11:39.872796,22.9107577,120.3112609,100429.0,120.655,4999.999999999999,117.95144515259402,297.00027121333807,0.0102059509494961,13.146048608968451,19.79837608711293,-35049.51346522651,-35029.7150891394,35150.3700891394
1970-01-01 00:11:40.521011,22.9107561,120.3111994,100433.0,121.123,4999.999999999999,20.0,297.0009867167563,0.0102057328254841,6.510016048591106,19.79817572316604,-35148.162374634594,-35128.364198911426,35249.487198911425
1970-01-01 00:11:40.953010,22.9107541,120.3111372,100441.0,121.13,4999.999999999999,20.0,297.0017028840191,0.0102055111091872,10.058299185838068,19.797972995709504,-35149.472604955416,-35129.67463195971,35250.804631959705
1970-01-01 00:11:41.493114,22.9107573,120.3110754,100429.0,120.543,4999.999999999999,20.0,297.002516869522,0.0102053060839018,10.058299185838068,19.797773942740275,-35147.73081597821,-35127.933042035475,35248.47604203547
1970-01-01 00:11:41.925101,22.9107732,120.3110187,100418.0,119.625,4999.999999999999,20.0,297.0035191553685,0.0102051560079931,7.27039333642538,19.79759709028489,-35146.16433788933,-35126.36674079904,35245.99174079904
1970-01-01 00:11:42.346280,22.9108066,120.3109759,100408.86,119.197,4999.999999999999,20.0,297.0046969416959,0.01020510538302,7.27039333642538,19.79747303304466,-35144.9034595082,-35125.10598647515,35244.30298647515
1970-01-01 00:11:42.465220,22.9108066,120.3109759,100435.0,119.197,4999.999999999999,20.0,297.0046969416959,0.01020510538302,7.27039333642538,19.79747303304466,-35148.90807338272,-35129.110600349675,35248.307600349675
1970-01-01 00:11:42.897247,22.9108526,120.3109525,100419.0,119.617,4999.999999999999,20.0,297.00588681702527,0.0102051589120128,10.058299185838068,19.797417396057813,-35146.597880129,-35126.800462732936,35246.417462732934
1970-01-01 00:11:43.329219,22.9109008,120.3109372,100441.0,119.822,4999.999999999999,20.0,297.0070213026665,0.010205246920548,10.058299185838068,19.797388967307096,-35150.1023857853,-35130.30499681799,35250.12699681799
1970-01-01 00:11:43.869220,22.910951,120.3109227,100416.0,119.469,4999.999999999999,20.0,297.0081850426505,0.0102053434671439,10.058299185838068,19.79736399613628,-35146.4103806644,-35126.61301666826,35246.08201666826
1970-01-01 00:11:44.949585,22.9110549,120.3108881,100422.0,118.948,4999.999999999999,20.0,297.0106476077293,0.010205526937307,6.510016048591106,19.7972973913456,-35147.62118598422,-35127.82388859288,35246.77188859288
1970-01-01 00:11:45.489485,22.9111089,120.3108714,100419.0,118.558,4999.999999999999,20.0,297.0119111763953,0.0102056265716227,6.510016048591106,19.79726690858748,-35147.31118660828,-35127.5139196997,35246.071919699694
1970-01-01 00:11:45.921798,22.9111662,120.3108641,100405.0,117.955,4999.999999999999,117.95144515259402,297.01312605640896,0.0102057686184359,13.146048608968451,19.79726833117761,-35047.35857341451,-35027.561305083334,35145.516305083336
1970-01-01 00:11:46.353801,22.9112258,120.3108772,100412.0,117.525,4999.999999999999,20.0,297.01414095976685,0.0102059888044384,8.366441449858485,19.79733690478048,-35146.50272066181,-35126.70538375703,35244.23038375703
1970-01-01 00:11:46.893790,22.9112841,120.3109106,100420.0,117.741,4999.999999999999,20.0,297.0148873556392,0.0102062765078847,8.366441449858485,19.797470780218017,-35147.8167842144,-35128.01931343418,35245.760313434184
1970-01-01 00:11:47.325835,22.9113413,120.3109492,100435.0,118.36,4999.999999999999,20.0,297.0155510034317,0.010206579530269,4.904281137950123,19.79762110677839,-35150.19332409876,-35130.39570299198,35248.75570299198
1970-01-01 00:11:47.865814,22.9113997,120.3109831,100419.0,118.971,4999.999999999999,108.8782410577284,297.0162958161532,0.0102068698638276,13.59763655482803,19.797756765733777,-35058.95210314998,-35039.154346384246,35158.125346384244
1970-01-01 00:11:48.513786,22.9114594,120.3110057,100403.0,119.439,4999.999999999999,20.0,297.01720234042693,0.0102071245167472,8.34058065054877,19.79785634466115,-35145.48618166982,-35125.68832532516,35245.12732532516
1970-01-01 00:11:48.945821,22.9115183,120.311008,100416.0,120.008,4999.999999999999,20.0,297.01833587117966,0.0102073054638006,10.65263313825716,19.797889646496312,-35147.61226067895,-35127.81437103245,35247.82237103245
1970-01-01 00:11:49.485807,22.9115717,120.3109903,100400.0,120.706,4999.999999999999,20.0,297.0195991392777,0.0102073997187164,10.65263313825716,19.797855549286087,-35145.31025688422,-35125.512401334934,35246.21840133493
1970-01-01 00:11:49.917796,22.9116203,120.3109621,100407.0,120.967,4999.999999999999,20.0,297.02089210978653,0.010207442677753,10.65263313825716,19.79778521931332,-35146.535945446034,-35126.73816022672,35247.70516022672
1970-01-01 00:11:50.349906,22.9116686,120.3109326,100401.0,120.643,4999.999999999999,76.8632503683389,297.02219378545647,0.010207479964945,13.928566368661771,19.79771052144101,-35088.9074310076,-35069.109720486165,35189.75272048616
1970-01-01 00:11:50.457938,22.9116686,120.3109326,100410.0,120.643,4999.999999999999,76.8632503683389,297.02219378545647,0.010207479964945,13.928566368661771,19.79771052144101,-35090.28648318018,-35070.48877265874,35191.13177265874
1970-01-01 00:11:50.889908,22.9117202,120.3109082,100398.0,120.189,4999.999999999999,76.8632503683389,297.0234990659832,0.0102075447566332,13.928566368661771,19.797653820939257,-35088.60226061794,-35068.804606797,35188.993606797
1970-01-01 00:11:51.321933,22.9117775,120.3108993,100385.0,119.839,4999.999999999999,76.8632503683389,297.0247321842133,0.0102076809650536,13.928566368661771,19.79764995053012,-35086.75604682021,-35066.958396869675,35186.797396869675
1970-01-01 00:11:51.948605,22.9118375,120.3109121,100388.5,119.882,4999.999999999999,42.695599919547625,297.0257615488628,0.0102079019839705,12.73155978932457,19.7977177610642,-35121.581945422055,-35101.78422766099,35221.666227660986
1970-01-01 00:11:52.510165,22.9118955,120.3109459,100395.0,120.373,4999.999999999999,20.0,297.0265040753188,0.0102081918431749,3.271159733777245,19.797852977428004,-35145.36155857985,-35125.56370560242,35245.93670560242
1970-01-01 00:11:52.942190,22.9119496,120.3109945,100391.0,120.646,4999.999999999999,63.49646271047641,297.0269964520692,0.010208523170717,14.666007006843014,19.79803468102032,-35101.31040522392,-35081.5123705429,35202.1583705429
1970-01-01 00:11:53.482456,22.9119977,120.311057,100392.0,120.475,4999.999999999999,106.75817564071431,297.02720840372626,0.0102088867248547,13.199131631520086,19.798259088476375,-35058.22703300274,-35038.42877391426,35158.90377391426
1970-01-01 00:11:53.914423,22.9120354,120.3111339,100395.0,120.264,4999.999999999999,20.0,297.0270474182484,0.0102092713977429,4.579857282228539,19.79852596446349,-35145.42588566954,-35125.627359705075,35245.89135970508
1970-01-01 00:11:54.346640,22.9120616,120.3112223,100393.0,119.954,4999.999999999999,20.0,297.02652560229484,0.0102096635539939,2.9413166788061877,19.798825442272328,-35145.05761825418,-35125.2587928119,35245.2127928119
1970-01-01 00:11:54.886602,22.912078,120.3113183,100402.0,119.577,4999.999999999999,77.10824300890782,297.0257218093834,0.0102100541636299,13.940375480859837,19.799145600363826,-35089.233371499744,-35069.43422589938,35189.011225899376
1970-01-01 00:11:55.858821,22.9120965,120.311516,100412.0,119.773,4999.999999999999,20.0,297.0237660853177,0.0102108139076699,3.786001669136435,19.799798896079317,-35147.64233644837,-35127.84253755229,35247.615537552294
1970-01-01 00:11:56.507002,22.9121085,120.311611,100422.0,119.945,4999.999999999999,58.76297913701906,297.02288896337245,0.0102111884336751,14.517032252996197,19.800114527411274,-35110.30764767206,-35090.50753314465,35210.45253314465
1970-01-01 00:11:56.939005,22.912122,120.3117034,100411.0,119.786,4999.999999999999,20.0,297.0220729280174,0.0102115583237469,9.503021738044517,19.800422541619277,-35147.28864591921,-35127.488223377586,35247.274223377586
1970-01-01 00:11:57.349458,22.9121347,120.3117953,100414.336,119.587,4999.999999999999,20.0,297.0212475519211,0.0102119242155946,5.172470228340899,19.800728773724117,-35147.702059232004,-35127.90133045828,35247.488330458276
1970-01-01 00:11:57.479009,22.9121347,120.3117953,100427.0,119.587,4999.999999999999,20.0,297.0212475519211,0.0102119242155946,5.172470228340899,19.800728773724117,-35149.642295349644,-35129.84156657592,35249.428566575916
1970-01-01 00:11:57.911008,22.9121439,120.3118883,100422.0,119.327,4999.999999999999,20.0,297.0203400587416,0.0102122837094224,2.5795071282132644,19.80103725350191,-35148.768823108716,-35128.96778585522,35248.294785855214
1970-01-01 00:11:58.343054,22.912145,120.3119847,100426.0,118.706,4999.999999999999,78.58573653668478,297.01923116224395,0.0102126311262002,14.722535063015306,19.801353459333185,-35090.66460193523,-35070.86324847589,35189.56924847589
1970-01-01 00:11:58.883121,22.9121292,120.3120852,100423.0,117.925,4999.999999999999,20.0,297.0177356368482,0.0102129422910034,3.5067881593771304,19.801675745959532,-35148.61365058802,-35128.81197484206,35246.73697484206
1970-01-01 00:11:59.941490,22.9120376,120.3122788,100439.664,117.076,4999.999999999999,20.0,297.0136230190972,0.0102133559891226,1.4302738335339789,19.802269623475464,-35150.6794791507,-35130.87720952722,35247.95320952722
1970-01-01 00:12:00.503075,22.9119692,120.3123634,100453.0,116.992,4999.999999999999,20.0,297.0112516982051,0.010213449942919,1.4302738335339789,19.802516500014278,-35152.44138164965,-35132.63886514964,35249.63086514964
1970-01-01 00:12:00.935085,22.9118905,120.312437,100439.0,116.852,4999.999999999999,20.0,297.0087992897901,0.0102134727072434,1.4302738335339789,19.802722642572046,-35150.00656924322,-35130.20384660065,35247.05584660065
1970-01-01 00:12:01.475102,22.911801,120.3124951,100447.0,116.786,4999.999999999999,20.0,297.0063090664353,0.0102134068319598,3.5067881593771304,19.80287299264204,-35150.93707990008,-35131.13420690744,35247.92020690744
1970-01-01 00:12:01.907108,22.9117038,120.3125363,100449.0,116.749,4999.999999999999,20.0,297.0038608550159,0.0102132569657075,3.5067881593771304,19.80296431383811,-35150.953499369905,-35131.15053505607,35247.89953505607
1970-01-01 00:12:02.339169,22.9116039,120.3125614,100441.0,116.745,4999.999999999999,78.58573653668478,297.00154722900635,0.010213041449767,14.722535063015306,19.80300148715019,-35090.86843652203,-35071.065435034885,35187.81043503489
1970-01-01 00:12:02.879171,22.9115047,120.3125705,100455.0,116.904,4999.999999999999,20.0,296.99943700347274,0.010212771328006,2.5795071282132644,19.80298639870167,-35151.34858357673,-35131.545597178025,35248.44959717803
1970-01-01 00:12:03.948602,22.9113191,120.3125462,100453.43,116.827,4999.999999999999,20.0,296.99598244546667,0.0102121205220104,9.503021738044517,19.80282249291198,-35150.69903466525,-35130.89621217234,35247.723212172335
1970-01-01 00:12:04.499574,22.9112367,120.3125145,100455.0,116.742,4999.999999999999,58.76297913701906,296.99470064178644,0.0102117585107215,14.517032252996197,19.8026811621578,-35112.02471372029,-35092.22203255813,35208.96403255813
1970-01-01 00:12:04.931539,22.911163,120.3124726,100465.0,116.714,4999.999999999999,20.0,296.99371842923506,0.0102113876366807,3.786001669136435,19.80251040319556,-35152.20283722601,-35132.40032682281,35249.11432682281
1970-01-01 00:12:05.341967,22.9110991,120.3124228,100467.0,116.57,4999.999999999999,20.0,296.9930306019676,0.0102110193605571,1.3255962764315172,19.802318290487158,-35152.42765613123,-35132.62533784074,35249.19533784074
1970-01-01 00:12:05.471569,22.9110991,120.3124228,100464.0,116.57,4999.999999999999,20.0,296.9930306019676,0.0102110193605571,1.3255962764315172,19.802318290487158,-35151.96823949849,-35132.165921208005,35248.735921208005
1970-01-01 00:12:05.903797,22.9110411,120.3123689,100476.0,116.115,4999.999999999999,50.91502738549215,296.992512868615,0.0102106551240913,12.819423071040172,19.802115530748782,-35122.82949523022,-35103.027379699466,35219.142379699464
1970-01-01 00:12:06.335924,22.910983,120.3123137,100464.0,115.566,4999.999999999999,20.0,296.992010711327,0.0102102865019152,2.9413166788061877,19.801908589031594,-35151.84745699681,-35132.045548407776,35247.611548407775
1970-01-01 00:12:06.876030,22.9109175,120.3122618,100472.0,115.304,4999.999999999999,20.0,296.9913219056488,0.0102099074484002,4.579857282228539,19.80170922064652,-35152.99096315336,-35133.18925393271,35248.493253932706
1970-01-01 00:12:07.934634,22.9107695,120.3121703,100481.164,115.328,4999.999999999999,63.49646271047641,296.9894600765698,0.0102091422051448,14.666007006843014,19.80134335212073,-35110.67722455917,-35090.87588120705,35206.20388120705
1970-01-01 00:12:08.496191,22.9106987,120.3121204,100476.0,114.866,4999.999999999999,20.0,296.98864685943795,0.0102087555777663,3.271159733777245,19.80114845907335,-35153.28665915712,-35133.48551069805,35248.35151069805
1970-01-01 00:12:08.928180,22.9106346,120.3120647,100489.0,114.677,4999.999999999999,76.8632503683389,296.9880406519214,0.0102083695567249,13.928566368661771,19.800937766228547,-35098.342112984654,-35078.54117521842,35193.218175218426
1970-01-01 00:12:09.349394,22.910572,120.3120105,100490.57,114.988,4999.999999999999,20.0,296.98744830532024,0.0102079937435882,10.65263313825716,19.80073276863956,-35155.37558240753,-35135.574849638884,35250.56284963888
1970-01-01 00:12:09.468288,22.910572,120.3120105,100486.0,114.988,4999.999999999999,20.0,296.98744830532024,0.0102079937435882,10.65263313825716,19.80073276863956,-35154.67587938482,-35134.87514661618,35249.863146616175
1970-01-01 00:12:09.900287,22.9105067,120.3119621,100498.0,115.362,4999.999999999999,20.0,296.9867331107451,0.0102076303320771,8.34058065054877,19.800545587207655,-35156.42840815298,-35136.62786256577,35251.98986256577
1970-01-01 00:12:10.332317,22.9104393,120.3119184,100488.0,115.3,4999.999999999999,108.8782410577284,296.98592030427847,0.0102072772769344,13.59763655482803,19.80037288069171,-35065.922881906336,-35046.12250902564,35161.422509025644
1970-01-01 00:12:10.872587,22.9103725,120.3118755,100488.0,115.028,4999.999999999999,20.0,296.98511144220765,0.0102069291970534,4.904281137950123,19.80020313832257,-35154.705321915826,-35134.905118777504,35249.9331187775
1970-01-01 00:12:11.952586,22.9102493,120.3117821,100507.0,113.756,4999.999999999999,117.95144515259402,296.9837998264462,0.0102062392823854,13.146048608968451,19.799843845598502,-35059.507327969615,-35039.70748412402,35153.46348412402
1970-01-01 00:12:12.492591,22.9101997,120.3117281,100514.0,112.398,4999.999999999999,20.0,296.9834756863048,0.0102059057493567,6.510016048591106,19.79964597486417,-35158.49192804735,-35138.69228207249,35251.09028207249
1970-01-01 00:12:12.924581,22.9101672,120.3116693,100518.0,111.458,4999.999999999999,20.0,296.9835528124895,0.0102056071493602,10.058299185838068,19.799440259603468,-35159.11335061053,-35139.31391035093,35250.77191035093
1970-01-01 00:12:13.335012,22.9101547,120.311614,100525.836,111.807,4999.999999999999,20.0,296.98398578322406,0.0102053803758995,7.27039333642538,19.799254959384463,-35160.36405238092,-35140.56479742154,35252.37179742154
1970-01-01 00:12:13.896641,22.9101563,120.3115673,100529.0,112.677,4999.999999999999,20.0,296.9845934002891,0.0102052251086421,7.27039333642538,19.79910396292285,-35160.92030594364,-35141.12120198072,35253.798201980724
1970-01-01 00:12:14.328703,22.9101656,120.3115289,100533.0,113.243,4999.999999999999,20.0,296.9852516244529,0.0102051211590509,6.006425300113459,19.79898339779568,-35161.61049573991,-35141.81151234211,35255.05451234211
1970-01-01 00:12:14.868706,22.9101786,120.3114937,100511.0,113.156,4999.999999999999,20.0,296.9859436692641,0.0102050391155014,6.006425300113459,19.798874895714107,-35158.32503555623,-35138.52616066051,35251.682160660515
1970-01-01 00:12:15.516762,22.9101962,120.311454,100477.0,112.843,4999.999999999999,20.0,296.98678216227006,0.0102049552208356,6.006425300113459,19.79875385214308,-35153.218939367776,-35133.420185515635,35246.263185515636
1970-01-01 00:12:15.948791,22.9102203,120.311407,100479.0,112.927,4999.999999999999,20.0,296.98783901667883,0.0102048654413159,6.006425300113459,19.798612029054667,-35153.65034800679,-35133.85173597774,35246.77873597774
1970-01-01 00:12:16.488797,22.9102484,120.3113557,100486.0,113.414,4999.999999999999,20.0,296.989027355306,0.0102047725749708,6.006425300113459,19.798458057272317,-35154.86289931365,-35135.06444125638,35248.478441256375
1970-01-01 00:12:16.920823,22.910277,120.3112996,100471.0,113.929,4999.999999999999,20.0,296.99028373370777,0.0102046644891044,1.2749007733663873,19.798288767275743,-35152.71488131526,-35132.91659254798,35246.84559254798
1970-01-01 00:12:17.352782,22.9103065,120.3112368,100463.0,114.419,4999.999999999999,20.0,296.9916392550109,0.0102045357971097,1.2749007733663873,19.79809818851566,-35151.65032594269,-35131.85222775418,35246.27122775418
1970-01-01 00:12:17.460792,22.9103065,120.3112368,100435.0,114.419,4999.999999999999,20.0,296.9916392550109,0.0102045357971097,1.2749007733663873,19.79809818851566,-35147.36188711899,-35127.56378893048,35241.98278893048
1970-01-01 00:12:17.892775,22.9103383,120.3111697,100438.0,114.653,4999.999999999999,20.0,296.9930918931311,0.0102043988244584,1.2749007733663873,19.79789473889809,-35147.993420982835,-35128.19552624394,35242.848526243935
1970-01-01 00:12:18.325007,22.9103751,120.3111015,100455.0,114.663,4999.999999999999,88.44773856680122,296.99465543507733,0.010204272465564,14.434415410555768,19.797689988564237,-35082.33460080924,-35062.53691082068,35177.19991082068
1970-01-01 00:12:18.951525,22.9104158,120.311035,100448.164,114.681,4999.999999999999,88.44773856680122,296.99627354224447,0.0102041630554804,14.434415410555768,19.79749251480802,-35081.479234490995,-35061.68174197619,35176.36274197618
1970-01-01 00:12:19.513220,22.9104576,120.3109682,100445.0,114.892,4999.999999999999,88.44773856680122,296.9979153612337,0.010204055446916,14.434415410555768,19.79729459574536,-35081.189043369246,-35061.3917487735,35176.2837487735
1970-01-01 00:12:19.945215,22.9104992,120.3109006,100447.0,115.086,4999.999999999999,20.0,296.9995613448651,0.0102039440905612,3.803910924680165,19.79709404028988,-35150.138027208166,-35130.34093316788,35245.42693316788
1970-01-01 00:12:20.485257,22.9105423,120.3108337,100440.0,114.901,4999.999999999999,20.0,297.00122657431297,0.01020383913139,3.803910924680165,19.79689645077371,-35149.26302874751,-35129.46613229674,35244.367132296735
1970-01-01 00:12:20.917248,22.9105903,120.3107714,100441.0,114.505,4999.999999999999,20.0,297.00293018238165,0.0102037639594813,3.803910924680165,19.796715926799163,-35149.617935556955,-35129.821219630154,35244.32621963015
1970-01-01 00:12:21.349819,22.9106421,120.310713,100435.0,114.291,4999.999999999999,20.0,297.004659036279,0.010203712928584,3.803910924680165,19.79654970097181,-35148.90358492804,-35129.10703522707,35243.39803522707
1970-01-01 00:12:21.889812,22.9106936,120.3106523,100434.0,114.444,4999.999999999999,20.0,297.0064081739275,0.0102036526197501,3.803910924680165,19.796375919180917,-35148.957519693475,-35129.16114377429,35243.60514377429
1970-01-01 00:12:22.321826,22.9107429,120.3105873,100424.0,114.71,4999.999999999999,20.0,297.00816459898226,0.0102035705547978,3.803910924680165,19.796187294485723,-35147.63358302427,-35127.83739572978,35242.54739572978
1970-01-01 00:12:22.861907,22.9107905,120.3105194,100428.0,114.745,4999.999999999999,20.0,297.00992103690584,0.0102034730299076,3.803910924680165,19.795988585081737,-35148.45434175873,-35128.65835317365,35243.40335317365
1970-01-01 00:12:23.509907,22.9108391,120.3104499,100418.0,114.537,4999.999999999999,20.0,297.0117144716356,0.0102033723738412,9.979071331707637,19.79578517593531,-35147.13468948472,-35127.33890430879,35241.875904308785
1970-01-01 00:12:23.942008,22.9108906,120.3103796,100411.0,114.334,4999.999999999999,20.0,297.0135721748253,0.0102032768284325,9.979071331707637,19.795580477176543,-35146.28216031271,-35126.48657983553,35240.820579835534
1970-01-01 00:12:24.352412,22.9109434,120.3103072,100408.336,114.434,4999.999999999999,20.0,297.0154784446098,0.0102031771974749,9.979071331707637,19.795369595108426,-35146.099685360576,-35126.30431576547,35240.73831576547
1970-01-01 00:12:24.481968,22.9109434,120.3103072,100396.0,114.434,4999.999999999999,20.0,297.0154784446098,0.0102031771974749,9.979071331707637,19.795369595108426,-35144.2094564575,-35124.414086862394,35238.848086862396
1970-01-01 00:12:24.914220,22.9109953,120.3102311,100407.0,114.693,4999.999999999999,20.0,297.0174095678968,0.0102030615237763,9.979071331707637,19.795146419222853,-35146.12362113551,-35126.32847471629,35241.02147471629
1970-01-01 00:12:25.346210,22.9110454,120.3101515,100401.0,114.919,4999.999999999999,100.83923367551472,297.0193455127654,0.0102029278930728,13.161211580334395,19.794911221410565,-35064.5942281041,-35044.79931688269,35159.71831688269
1970-01-01 00:12:25.886600,22.9110947,120.3100696,100384.0,115.19,4999.999999999999,100.83923367551472,297.0212912221355,0.0102027833586654,13.161211580334395,19.79466831897137,-35062.21944769597,-35042.424779377,35157.614779377
1970-01-01 00:12:26.945039,22.9111983,120.3099077,100388.0,114.805,4999.999999999999,100.83923367551472,297.02524941735044,0.0102025134796866,13.161211580334395,19.794190968679985,-35063.30105599723,-35043.506865028554,35158.311865028554
1970-01-01 00:12:27.506598,22.9112591,120.3098345,100381.0,114.438,4999.999999999999,20.0,297.02730594868217,0.0102024304561585,2.104955837890911,19.793981190078533,-35143.31096143039,-35123.51698024031,35237.95498024031
1970-01-01 00:12:27.938590,22.9113289,120.3097723,100399.0,114.258,4999.999999999999,100.83923367551472,297.0294020822722,0.010202411020391,13.161211580334395,19.793810700502544,-35065.47839275937,-35045.684582058864,35159.942582058866
1970-01-01 00:12:28.478731,22.9114062,120.3097224,100388.0,114.216,4999.999999999999,100.83923367551472,297.03149348074373,0.0102024555255596,13.161211580334395,19.7936830041294,-35064.04027638866,-35044.24659338453,35158.46259338453
1970-01-01 00:12:28.910797,22.9114898,120.309686,100389.0,114.281,4999.999999999999,100.83923367551472,297.03354317523906,0.0102025649156046,13.161211580334395,19.7936014270749,-35064.436189919994,-35044.64258849292,35158.92358849292
1970-01-01 00:12:29.342851,22.911578,120.3096637,100392.0,114.366,4999.999999999999,20.0,297.0355120157459,0.0102027366771241,9.979071331707637,19.793567168806742,-35145.96827142554,-35126.17470425673,35240.54070425673
1970-01-01 00:12:29.882797,22.9116696,120.3096561,100384.0,114.53,4999.999999999999,20.0,297.0373707430089,0.0102029697724343,3.803910924680165,19.79358166140354,-35144.96226590482,-35125.168684243414,35239.69868424341
1970-01-01 00:12:30.854798,22.9118557,120.3096904,100375.0,114.519,4999.999999999999,20.0,297.04055791479857,0.0102036195598245,1.2749007733663873,19.79377133371353,-35143.960154625696,-35124.16638329198,35238.68538329198
1970-01-01 00:12:31.503002,22.9119453,120.309736,100388.0,114.345,4999.999999999999,20.0,297.04175083088506,0.0102040361451132,6.006425300113459,19.79395648695945,-35146.09385429948,-35126.29989781252,35240.64489781252
1970-01-01 00:12:31.935032,22.9120283,120.3098012,100378.0,114.255,4999.999999999999,20.0,297.0425879320884,0.0102045043322516,10.058299185838068,19.794202194411163,-35144.66029327992,-35124.86609108551,35239.12109108551
1970-01-01 00:12:32.345412,22.912102,120.3098842,100388.164,114.19,4999.999999999999,20.0,297.0430391292996,0.0102050102533728,6.510016048591106,19.794501610214912,-35146.27150769325,-35126.477006083034,35240.66700608304
1970-01-01 00:12:32.475052,22.912102,120.3098842,100397.0,114.19,4999.999999999999,20.0,297.0430391292996,0.0102050102533728,6.510016048591106,19.794501610214912,-35147.62566656791,-35127.83116495769,35242.021164957696
1970-01-01 00:12:32.907004,22.912164,120.3099831,100391.0,113.986,4999.999999999999,20.0,297.04308062018333,0.0102055403731124,8.366441449858485,19.794847681310504,-35146.71106072536,-35126.91621304405,35240.90221304405
1970-01-01 00:12:33.339072,22.9122106,120.3100976,100394.0,113.757,4999.999999999999,108.8782410577284,297.0426438455665,0.0102060829660035,13.59763655482803,19.79523795309248,-35058.2408741525,-35038.44563619941,35152.20263619941
1970-01-01 00:12:33.879088,22.9122403,120.3102243,100393.0,113.689,4999.999999999999,20.0,297.0417384432879,0.0102066213305497,8.34058065054877,19.795660859421805,-35146.858670968155,-35127.06301010873,35240.75201010873
1970-01-01 00:12:34.937490,22.912247,120.3104985,100386.0,113.853,4999.999999999999,42.695599919547625,297.0386606993615,0.0102076214366323,12.73155978932457,19.79655264568881,-35122.725902012266,-35102.929349366575,35216.78234936658
1970-01-01 00:12:35.499128,22.912223,120.3106404,100378.0,113.968,4999.999999999999,20.0,297.03653001102793,0.0102080592196256,3.271159733777245,19.797002892259343,-35143.94314111107,-35124.14613821881,35238.114138218814
1970-01-01 00:12:35.931099,22.9121856,120.3107814,100381.0,114.218,4999.999999999999,63.49646271047641,297.03414460062515,0.0102084541910716,14.666007006843014,19.79744475326757,-35100.624086390846,-35080.82664163758,35195.04464163758
1970-01-01 00:12:36.471006,22.9121427,120.310921,100362.0,114.518,4999.999999999999,106.75817564071431,297.03166417104114,0.0102088273007347,13.199131631520086,19.79787998633568,-35054.15650628016,-35034.358626293826,35148.87662629382
1970-01-01 00:12:36.903029,22.9121002,120.3110637,100364.0,114.577,4999.999999999999,20.0,297.0291516197476,0.0102092117812871,4.579857282228539,19.79832579110148,-35140.923828723004,-35121.1255029319,35235.7025029319
1970-01-01 00:12:37.335231,22.9120599,120.3112153,100324.0,114.063,4999.999999999999,20.0,297.0265742801052,0.0102096335938363,2.9413166788061877,19.798801884851237,-35134.48648243566,-35114.687680550815,35228.75068055082
1970-01-01 00:12:37.875242,22.9120243,120.3113744,100344.0,113.864,4999.999999999999,77.10824300890782,297.0239981582705,0.010210095150175,13.940375480859837,19.799304892204766,-35080.13969059845,-35060.340385706244,35174.204385706245
1970-01-01 00:12:38.944698,22.9119645,120.3117038,100313.57,115.098,4999.999999999999,20.0,297.0189307475348,0.010211089672169,3.786001669136435,19.80035389399681,-35131.98256535931,-35112.18221146531,35227.28021146531
1970-01-01 00:12:39.495581,22.9119381,120.3118719,100324.0,115.83,4999.999999999999,20.0,297.01642239443083,0.0102116084457678,9.503021738044517,19.80089182215476,-35133.28495920975,-35113.484067387595,35229.3140673876
1970-01-01 00:12:39.927602,22.9119131,120.3120412,100329.0,116.155,4999.999999999999,20.0,297.01392523972686,0.010212135057611,5.172470228340899,19.80143483775641,-35133.756016470164,-35113.95458163241,35230.10958163241
1970-01-01 00:12:40.338189,22.9118906,120.3121956,100366.164,116.809,4999.999999999999,20.0,297.01165165304405,0.0102126156976535,2.5795071282132644,19.80193067202776,-35139.18394617339,-35119.38201550136,35236.19101550136
1970-01-01 00:12:40.467818,22.9118906,120.3121956,100394.0,116.809,4999.999999999999,20.0,297.01165165304405,0.0102126156976535,2.5795071282132644,19.80193067202776,-35143.44992444365,-35123.64799377162,35240.45699377162
1970-01-01 00:12:40.899856,22.911874,120.312334,100389.0,117.313,4999.999999999999,20.0,297.00968365515155,0.0102130569180517,3.5067881593771304,19.80237711810923,-35142.45073724398,-35122.648360125866,35239.96136012587
1970-01-01 00:12:41.331822,22.9118615,120.3124733,100383.0,116.933,4999.999999999999,20.0,297.0077862623375,0.010213513466099,1.4302738335339789,19.802828747486146,-35141.30664014822,-35121.50381140073,35238.43681140073
1970-01-01 00:12:41.871800,22.9118518,120.3126098,100391.0,116.605,4999.999999999999,20.0,297.00597745871147,0.0102139683675431,8.55613247336189,19.80327283396289,-35142.31844482535,-35122.51517199139,35239.120171991395
1970-01-01 00:12:42.519907,22.9118426,120.3127428,100404.0,116.505,4999.999999999999,20.0,297.0042193523825,0.0102144121905841,3.7762341315163854,19.803706016504016,-35144.10227613848,-35124.29857012198,35240.80357012198
1970-01-01 00:12:42.951907,22.9118319,120.3128728,100400.0,116.285,4999.999999999999,108.95478704071878,297.00246557545995,0.0102148405929358,12.602078838173943,19.804129002510003,-35054.32696031348,-35034.52283131098,35150.80783131098
1970-01-01 00:12:43.492011,22.9118176,120.3130004,100413.0,115.932,4999.999999999999,20.0,297.0006662309748,0.0102152492039345,3.5953176206476574,19.804542779371804,-35145.060519747465,-35125.255976968096,35241.187976968096
1970-01-01 00:12:43.924013,22.911793,120.3131261,100391.0,115.901,4999.999999999999,20.0,296.99867868232934,0.0102156190227418,4.188080074516505,19.8049458936665,-35141.454348076855,-35121.64940218319,35237.55040218319
1970-01-01 00:12:44.345247,22.9117522,120.3132474,100396.86,116.862,4999.999999999999,20.0,296.9964111495466,0.0102159226619746,4.188080074516505,19.805327331833706,-35142.08381857864,-35122.278491246805,35239.140491246806
1970-01-01 00:12:44.464017,22.9117522,120.3132474,100395.0,116.862,4999.999999999999,20.0,296.9964111495466,0.0102159226619746,4.188080074516505,19.805327331833706,-35141.79881720621,-35121.993489874374,35238.855489874375
1970-01-01 00:12:44.896006,22.911692,120.3133588,100393.0,118.429,4999.999999999999,20.0,296.99386194619944,0.0102161303498516,9.834699163025478,19.805667369308235,-35141.190558414026,-35121.38489104472,35239.813891044716
1970-01-01 00:12:45.327911,22.9116126,120.3134571,100388.0,119.823,4999.999999999999,20.0,296.9910718010083,0.010216231070539,9.834699163025478,19.805955404283825,-35140.09407980277,-35120.28812439849,35240.111124398485
1970-01-01 00:12:45.868071,22.911523,120.3135418,100411.0,121.038,4999.999999999999,20.0,296.9882301725489,0.0102162509293931,9.834699163025478,19.806193831652013,-35143.2816778902,-35123.475484058545,35244.513484058545
1970-01-01 00:12:46.516381,22.9114321,120.3136196,100377.0,122.017,4999.999999999999,20.0,296.98543975181155,0.0102162413606131,9.834699163025478,19.80640885039419,-35137.74170206208,-35117.93529321168,35239.95229321168
1970-01-01 00:12:46.948400,22.9113448,120.3136964,100372.0,122.739,4999.999999999999,20.0,296.9827309201886,0.0102162385237147,9.834699163025478,19.80662222049366,-35136.65479518107,-35116.84817296058,35239.58717296058
1970-01-01 00:12:47.488583,22.9112601,120.3137711,100373.0,123.224,4999.999999999999,20.0,296.9800966601543,0.0102162355071364,9.834699163025478,19.806829846171944,-35136.496199992966,-35116.68937014679,35239.913370146794
1970-01-01 00:12:47.920578,22.9111742,120.3138393,100372.0,123.597,4999.999999999999,20.0,296.977512064406,0.0102162050654756,9.834699163025478,19.80701540415583,-35136.03698986086,-35116.229974456706,35239.82697445671
1970-01-01 00:12:48.352583,22.9110836,120.3138965,100376.0,123.869,4999.999999999999,20.0,296.9749597539261,0.0102161205822367,4.188080074516505,19.80716235835808,-35136.34781905908,-35116.54065670072,35240.40965670072
1970-01-01 00:12:48.892558,22.9109889,120.3139411,100386.0,124.384,4999.999999999999,20.0,296.97247206863045,0.0102159785229566,4.188080074516505,19.807265673284235,-35137.58564954541,-35117.77838387213,35242.16238387213
1970-01-01 00:12:49.324581,22.9108935,120.3139774,100381.0,125.106,4999.999999999999,20.0,296.97006790959387,0.0102158047705602,3.5953176206476574,19.80734115330205,-35136.5348875578,-35116.727546404494,35241.833546404494
1970-01-01 00:12:49.864583,22.9107994,120.3140087,100377.0,125.713,4999.999999999999,20.0,296.9677491464354,0.0102156172511987,3.5953176206476574,19.80740065209979,-35135.64745213896,-35115.84005148686,35241.553051486866
1970-01-01 00:12:50.512771,22.9107061,120.3140359,100372.0,126.045,4999.999999999999,108.95478704071878,296.96549498198567,0.0102154176186828,12.602078838173943,19.807446916975284,-35045.659627113506,-35025.85218019653,35151.89718019653
1970-01-01 00:12:50.944783,22.9106125,120.3140546,100364.0,126.224,4999.999999999999,20.0,296.9633367347112,0.0102151872687155,5.207936440728593,19.8074648852521,-35133.132969990984,-35113.325505105735,35239.54950510574
1970-01-01 00:12:51.485012,22.910519,120.3140614,100351.0,126.195,4999.999999999999,20.0,296.96132491942456,0.0102149158934996,3.7762341315163854,19.80744351472416,-35130.90249338147,-35111.09504986675,35237.29004986675
1970-01-01 00:12:51.917039,22.910428,120.314053,100359.0,126.222,4999.999999999999,20.0,296.95955046716904,0.0102145999288494,8.55613247336189,19.807373050247584,-35131.9185188958,-35112.11114584555,35238.33314584555
1970-01-01 00:12:52.349006,22.9103415,120.3140307,100371.0,126.222,4999.999999999999,20.0,296.9580398926814,0.0102142504439706,1.4302738335339789,19.80725877332082,-35133.57864777904,-35113.77138900572,35239.99338900572
1970-01-01 00:12:52.456979,22.9103415,120.3140307,100363.0,126.222,4999.999999999999,20.0,296.9580398926814,0.0102142504439706,1.4302738335339789,19.80725877332082,-35132.352707735314,-35112.545448961995,35238.767448962
1970-01-01 00:12:52.889042,22.9102605,120.3139979,100364.0,126.057,4999.999999999999,20.0,296.95677298709984,0.0102138825022315,3.5067881593771304,19.80711243473457,-35132.35598420176,-35112.54887176702,35238.605871767024
1970-01-01 00:12:53.321004,22.9101856,120.3139575,100375.0,125.801,4999.999999999999,78.58573653668478,296.95572698417254,0.0102135080797462,14.722535063015306,19.80694393199396,-35075.33204715707,-35055.525103225074,35181.326103225074
1970-01-01 00:12:53.947421,22.9101181,120.3139107,100367.5,125.466,4999.999999999999,20.0,296.9549141257586,0.0102131354410108,2.5795071282132644,19.80675786452376,-35132.672289409464,-35112.86553154494,35238.33153154494
1970-01-01 00:12:54.509051,22.9100595,120.3138581,100387.0,125.082,4999.999999999999,20.0,296.9543579270454,0.0102127713654591,5.172470228340899,19.806556937248786,-35135.59439292521,-35115.78783598796,35240.86983598796
1970-01-01 00:12:54.941014,22.9100096,120.3138026,100404.0,124.522,4999.999999999999,20.0,296.95401827841727,0.0102124251056048,9.503021738044517,19.80635063339951,-35138.15867135356,-35118.35232072016,35242.874320720155
1970-01-01 00:12:55.481024,22.9099643,120.3137476,100416.0,123.698,4999.999999999999,58.76297913701906,296.9537685660913,0.0102120953548144,14.517032252996197,19.806148241376285,-35101.20437321193,-35081.39822497055,35205.09622497055
1970-01-01 00:12:55.913034,22.90992,120.313694,100409.0,122.257,4999.999999999999,20.0,296.95352351154224,0.010211773863334,3.786001669136435,19.8059510360454,-35138.86604974015,-35119.0600987041,35241.3170987041
1970-01-01 00:12:56.345074,22.9098788,120.3136393,100432.0,121.455,4999.999999999999,20.0,296.9533571007996,0.0102114586491686,1.3255962764315172,19.805751760802828,-35142.36934846305,-35122.563596702246,35244.01859670225
1970-01-01 00:12:56.885403,22.9098434,120.3135847,100438.0,120.877,4999.999999999999,50.91502738549215,296.9533096260818,0.0102111621938741,12.819423071040172,19.805555621364704,-35112.367635859024,-35092.56208023766,35213.43908023766
1970-01-01 00:12:57.317412,22.9098186,120.3135311,100449.0,120.248,4999.999999999999,77.10824300890782,296.953467867125,0.0102109024468076,13.940375480859837,19.80536780159836,-35087.877760084346,-35068.072392282746,35188.320392282745
1970-01-01 00:12:57.857445,22.9098073,120.3134801,100466.0,119.672,4999.999999999999,20.0,296.9538707117499,0.0102106937481404,2.9413166788061877,19.80519488912164,-35147.63689313336,-35127.83169824424,35247.50369824424
1970-01-01 00:12:58.505413,22.9098059,120.3134334,100483.0,119.043,4999.999999999999,20.0,296.9544227865151,0.0102105305343454,2.9413166788061877,19.805040769838804,-35150.30510790638,-35130.50006713654,35249.54306713654
1970-01-01 00:12:58.937488,22.909809,120.3133896,100485.0,117.898,4999.999999999999,20.0,296.95503076345994,0.0102103911702801,4.579857282228539,19.80489831332917,-35150.683307608466,-35130.87840929514,35248.77640929514
1970-01-01 00:12:59.347907,22.9098143,120.3133458,100495.836,116.591,4999.999999999999,20.0,296.95568357098495,0.0102102586124266,4.579857282228539,19.804756916301955,-35152.41949571129,-35132.61473879499,35249.20573879499
1970-01-01 00:12:59.477496,22.9098143,120.3133458,100491.0,116.591,4999.999999999999,20.0,296.95568357098495,0.0102102586124266,4.579857282228539,19.804756916301955,-35151.67917580653,-35131.87441889023,35248.46541889023
1970-01-01 00:12:59.909631,22.90982,120.3133001,100502.0,115.822,4999.999999999999,20.0,296.95636801772287,0.0102101207959543,4.579857282228539,19.80460950479307,-35153.4441412364,-35133.63953173161,35249.46153173161
1970-01-01 00:13:00.341811,22.9098241,120.3132534,100514.0,115.24,4999.999999999999,106.75817564071431,296.9570321176616,0.0102099745854468,13.199131631520086,19.80445811221246,-35068.6014405367,-35048.79698242449,35164.036982424484
1970-01-01 00:13:00.881917,22.9098276,120.3132061,100526.0,114.134,4999.999999999999,106.75817564071431,296.9576913357132,0.0102098244499415,13.199131631520086,19.804304518199675,-35070.516167830465,-35050.711863312266,35164.845863312265
1970-01-01 00:13:01.941043,22.9098353,120.3131066,100559.5,111.103,4999.999999999999,63.49646271047641,296.95908460169005,0.0102095095892093,14.666007006843014,19.80398172506177,-35119.06929996955,-35099.26531824449,35210.368318244495
1970-01-01 00:13:02.502589,22.9098396,120.3130535,100574.0,109.389,4999.999999999999,20.0,296.95983183232164,0.0102093421007777,3.271159733777245,19.80380963176217,-35164.87274696906,-35145.068937337295,35254.4579373373
1970-01-01 00:13:02.934604,22.9098438,120.312998,100590.0,107.679,4999.999999999999,20.0,296.96060671094574,0.0102091661012834,3.271159733777245,19.803629686491263,-35167.41221389567,-35147.608584209185,35255.28758420918
1970-01-01 00:13:03.474696,22.9098478,120.31294,100606.0,106.207,4999.999999999999,42.695599919547625,296.96140844644685,0.0102089809419396,12.73155978932457,19.80344152439674,-35147.2589609843,-35127.4555194599,35233.662519459904
1970-01-01 00:13:03.906697,22.9098513,120.3128806,100625.0,104.856,4999.999999999999,42.695599919547625,296.96221729455306,0.010208789447755,12.73155978932457,19.803248618728496,-35150.260633776845,-35130.457385158115,35235.313385158115
1970-01-01 00:13:04.338828,22.9098565,120.312821,100631.0,103.681,4999.999999999999,76.8632503683389,296.9630629380504,0.0102086024529877,13.928566368661771,19.8030559116555,-35117.110739445634,-35097.30768353398,35200.98868353398
1970-01-01 00:13:04.878794,22.909866,120.3127631,100644.0,102.082,4999.999999999999,76.8632503683389,296.96397431325795,0.0102084343644549,13.928566368661771,19.80287080760991,-35119.20660455626,-35099.40373374865,35201.485733748654
1970-01-01 00:13:05.948177,22.9099035,120.3126529,100674.29,99.718,4999.999999999999,20.0,296.9661003821092,0.0102081735084192,10.65263313825716,19.802527549327078,-35180.95276548988,-35161.15023794055,35260.86823794055
1970-01-01 00:13:06.499004,22.9099246,120.3125992,100699.0,99.398,4999.999999999999,20.0,296.9671925704158,0.0102080547967746,10.65263313825716,19.80236163850109,-35184.85923006183,-35165.05686842333,35264.45486842333
1970-01-01 00:13:06.931013,22.9099444,120.3125465,100696.0,98.014,4999.999999999999,20.0,296.9682454574938,0.0102079353752731,8.34058065054877,19.80219844395544,-35184.52552659544,-35164.723328151485,35262.73732815149
1970-01-01 00:13:07.341391,22.9099631,120.3124921,100702.836,96.267,4999.999999999999,20.0,296.96929660140745,0.0102078066563148,8.34058065054877,19.80202923617661,-35185.69494027865,-35165.89291104247,35262.15991104247
1970-01-01 00:13:07.471030,22.9099631,120.3124921,100697.0,96.267,4999.999999999999,20.0,296.96929660140745,0.0102078066563148,8.34058065054877,19.80202923617661,-35184.80297809027,-35165.000948854096,35261.267948854096
1970-01-01 00:13:07.903174,22.9099809,120.3124346,100747.0,94.945,4999.999999999999,20.0,296.9703673908508,0.0102076644734921,8.34058065054877,19.801849541431075,-35192.57048466411,-35172.76863512268,35267.71363512268
1970-01-01 00:13:08.335522,22.9099985,120.3123768,100761.0,93.271,4999.999999999999,108.8782410577284,296.97143725273475,0.0102075205123527,13.59763655482803,19.801668829289294,-35105.95791642664,-35086.15624759735,35179.42724759735
1970-01-01 00:13:08.875487,22.9100144,120.3123159,100793.0,89.771,4999.999999999999,108.8782410577284,296.9725106765016,0.0102073606645008,13.59763655482803,19.801477283830295,-35110.97304038271,-35091.171563098884,35180.942563098884
1970-01-01 00:13:09.933967,22.910045,120.3121887,100870.836,81.06,4999.999999999999,20.0,296.97469845405817,0.0102070184659183,4.904281137950123,19.80107623011441,-35211.99464186051,-35192.1935656304,35273.253565630395
1970-01-01 00:13:10.495632,22.9100615,120.31212,100931.0,76.358,4999.999999999999,20.0,296.975878547041,0.0102068333327344,8.366441449858485,19.800859727323434,-35221.31535368374,-35201.51449395642,35277.87249395642
1970-01-01 00:13:10.927806,22.9100779,120.3120483,100965.0,71.509,4999.999999999999,20.0,296.9770930145206,0.0102066374721536,8.366441449858485,19.80063348715048,-35226.64575401239,-35206.845120525235,35278.35412052523
1970-01-01 00:13:11.349084,22.9100952,120.3119714,100979.86,67.395,4999.999999999999,117.95144515259402,296.9783889856289,0.0102064263497896,13.146048608968451,19.800390808593104,-35131.11439728213,-35111.314006473534,35178.70900647353
1970-01-01 00:13:11.467907,22.9100952,120.3119714,100993.0,67.395,4999.999999999999,117.95144515259402,296.9783889856289,0.0102064263497896,13.146048608968451,19.800390808593104,-35133.11813412904,-35113.31774332045,35180.712743320444
1970-01-01 00:13:11.899908,22.9101123,120.3118903,101026.0,65.614,4999.999999999999,117.95144515259402,296.97973199992543,0.0102062000572392,13.146048608968451,19.80013447367011,-35138.30885665565,-35118.50872218198,35184.12272218198
1970-01-01 00:13:12.331906,22.910127,120.3118129,101058.0,64.753,4999.999999999999,20.0,296.9809806423485,0.010205979055563,6.510016048591106,19.7998892158943,-35241.28612952109,-35221.486240305196,35286.23924030519
1970-01-01 00:13:12.871911,22.9101402,120.3117398,101078.0,63.112,4999.999999999999,20.0,296.98214566718093,0.0102057681403732,10.058299185838068,19.799657377539425,-35244.472328841715,-35224.67267146418,35287.78467146418
1970-01-01 00:13:13.519906,22.9101525,120.3116686,101089.0,60.876,4999.999999999999,20.0,296.983268764596,0.0102055609131962,10.058299185838068,19.799431410335657,-35246.28181686637,-35226.48238545604,35287.358385456035
1970-01-01 00:13:13.952199,22.9101645,120.3115977,101120.0,58.928,4999.999999999999,20.0,296.9843816702462,0.0102053536953032,7.27039333642538,19.79920637761785,-35251.136830343035,-35231.33762396542,35290.26562396542
1970-01-01 00:13:14.492193,22.9101749,120.311527,101145.0,57.424,4999.999999999999,20.0,296.9854598113982,0.0102051422857285,7.27039333642538,19.79898137431036,-35255.07279115673,-35235.27380978242,35292.69780978242
1970-01-01 00:13:14.924376,22.9101836,120.3114583,101155.0,56.399,4999.999999999999,20.0,296.9864791291413,0.010204932584417,6.006425300113459,19.79876220103064,-35256.71682106123,-35236.918058860196,35293.31705886019
1970-01-01 00:13:15.334826,22.9101908,120.3113927,101155.0,55.816,4999.999999999999,20.0,296.9874301589176,0.0102047289849569,1.2749007733663873,19.79855251062521,-35256.829786500624,-35237.03123399,35292.847233989996
1970-01-01 00:13:15.896416,22.9101944,120.3113306,101176.0,55.638,4999.999999999999,20.0,296.9882664854706,0.0102045266738416,1.2749007733663873,19.798352658239605,-35260.12696211944,-35240.3286094612,35295.9666094612
1970-01-01 00:13:16.328611,22.9101968,120.311273,101178.0,55.72,4999.999999999999,88.44773856680122,296.9890235021329,0.0102043362203486,14.434415410555768,19.798166942674467,-35192.07368028065,-35172.275513337976,35227.99551333798
1970-01-01 00:13:16.868595,22.9101972,120.3112185,101178.0,55.59,4999.999999999999,88.44773856680122,296.98970270518566,0.0102041504801587,14.434415410555768,19.7979904576134,-35192.154365544935,-35172.35637508732,35227.94637508732
1970-01-01 00:13:17.516700,22.9101951,120.3111652,101164.0,55.219,4999.999999999999,20.0,296.9903177184974,0.0102039614877518,3.803910924680165,19.79781681836332,-35258.54335322135,-35238.74553640299,35293.964536402986
1970-01-01 00:13:17.948694,22.9101939,120.3111096,101173.0,54.975,4999.999999999999,20.0,296.9909788991662,0.0102037672714276,3.803910924680165,19.79763619198633,-35259.99237305846,-35240.19473686648,35295.169736866475
1970-01-01 00:13:18.488788,22.9101948,120.3110525,101150.0,54.692,4999.999999999999,20.0,296.9917000193383,0.0102035740899918,9.979071331707637,19.79745170490659,-35256.57549275706,-35236.77804105215,35291.470041052155
1970-01-01 00:13:18.920910,22.910196,120.3109932,101164.0,54.496,4999.999999999999,100.83923367551472,296.99245411939296,0.0102033742360188,13.161211580334395,19.797260300586466,-35177.95789587159,-35158.160635571,35212.656635571
1970-01-01 00:13:19.342278,22.910198,120.3109316,101159.71,54.2,4999.999999999999,100.83923367551472,296.99325225667343,0.0102031688267006,13.161211580334395,19.797061883547048,-35177.39940207344,-35157.60234018989,35211.80234018989
1970-01-01 00:13:19.461067,22.910198,120.3109316,101182.0,54.2,4999.999999999999,100.83923367551472,296.99325225667343,0.0102031688267006,13.161211580334395,19.797061883547048,-35180.793586889085,-35160.99652500554,35215.19652500554
1970-01-01 00:13:19.893039,22.9102025,120.310869,101167.0,53.795,4999.999999999999,20.0,296.9941118094418,0.0102029672813445,2.104955837890911,19.796861412155017,-35259.45088386598,-35239.654022453826,35293.449022453824
1970-01-01 00:13:20.325093,22.9102086,120.310805,101164.0,53.545,4999.999999999999,20.0,296.9950198726866,0.0102027655649473,2.104955837890911,19.79665719791415,-35259.10190729036,-35239.305250092446,35292.850250092444
1970-01-01 00:13:20.951521,22.91021,120.3107372,101156.164,53.569,4999.999999999999,20.0,296.99588222688215,0.0102025370532612,8.19630914643555,19.796438728135133,-35258.01101203401,-35238.21457330588,35291.78357330588
1970-01-01 00:13:21.513211,22.9102043,120.3106666,101135.0,54.264,4999.999999999999,20.0,296.9966397804102,0.0102022782600058,7.83400597434682,19.79620820692057,-35254.8775831645,-35235.08137495758,35289.345374957586
1970-01-01 00:13:21.945184,22.9101873,120.3105966,101110.0,55.645,4999.999999999999,61.25622139156445,296.9971688491204,0.0102019887551146,12.438170269260487,19.79597479866557,-35209.87582909455,-35190.07985429588,35245.72485429588
1970-01-01 00:13:22.485072,22.9101571,120.3105309,101111.0,57.591,4999.999999999999,32.636464268916434,296.99738734342094,0.0102016758761448,13.69673482066736,19.795749626938782,-35238.67388401467,-35218.878134387734,35276.469134387735
1970-01-01 00:13:22.917076,22.9101168,120.3104717,101095.0,59.769,4999.999999999999,20.0,296.9973293801774,0.010201356292218,4.157128347855993,19.795541136305243,-35248.86572504799,-35229.07018391168,35288.83918391168
1970-01-01 00:13:23.349087,22.910067,120.3104196,101072.0,61.62,4999.999999999999,20.0,296.99699956922416,0.0102010338633811,1.1004447434369071,19.795351503779035,-35245.32176543697,-35225.52641393319,35287.146413933195
1970-01-01 00:13:23.889091,22.9100094,120.3103773,101064.0,63.268,4999.999999999999,20.0,296.99639781410104,0.0102007227555297,9.544041484210636,19.795190143175336,-35244.03110551914,-35224.23591537597,35287.503915375964
1970-01-01 00:13:24.321111,22.9099473,120.3103443,101045.0,64.916,4999.999999999999,20.0,296.99559448742406,0.0102004307392646,4.80950883879513,19.79505684471188,-35241.039798346574,-35221.24474150186,35286.16074150186
1970-01-01 00:13:24.861011,22.9098822,120.310319,101032.0,66.361,4999.999999999999,20.0,296.99463831745464,0.0102001565985854,4.80950883879513,19.794947077845286,-35238.94460711247,-35219.14966003462,35285.51066003462
1970-01-01 00:13:25.509077,22.9098142,120.3103022,101022.0,67.629,4999.999999999999,20.0,296.99352092405536,0.0101999032519832,9.50860356951858,19.79486343437129,-35237.28745545998,-35217.49259202561,35285.12159202561
1970-01-01 00:13:25.941079,22.9097441,120.3102973,101005.0,68.7,4999.999999999999,20.0,296.992215084337,0.0101996844425221,1.821117017691732,19.7948171738262,-35234.54052228501,-35214.745705111185,35283.44570511118
1970-01-01 00:13:26.351557,22.9096757,120.3103061,100992.5,69.667,4999.999999999999,74.2827950679173,296.99077169867667,0.0101995170582221,14.27343538222847,19.794815711814493,-35178.180356185454,-35158.38554047364,35228.05254047364
1970-01-01 00:13:26.481272,22.9096757,120.3103061,100993.0,69.667,4999.999999999999,74.2827950679173,296.99077169867667,0.0101995170582221,14.27343538222847,19.794815711814493,-35178.25660119508,-35158.46178548326,35228.12878548326
1970-01-01 00:13:26.913222,22.9096119,120.3103282,100988.0,70.773,4999.999999999999,74.2827950679173,296.9892515013023,0.01019940791413,14.27343538222847,19.79485900779101,-35177.313695175784,-35157.51883616799,35228.29183616799
1970-01-01 00:13:27.345424,22.9095543,120.3103606,100975.0,71.888,4999.999999999999,74.2827950679173,296.9877225774574,0.0101993513199069,14.27343538222847,19.79493811017165,-35175.1496884798,-35155.35475036963,35227.24275036963
1970-01-01 00:13:27.885390,22.9095022,120.3103995,100977.0,72.84,4999.999999999999,74.2827950679173,296.9862185025476,0.0101993323238212,14.27343538222847,19.795040502546343,-35175.27618635945,-35155.4811458569,35228.3211458569
1970-01-01 00:13:28.944226,22.9094069,120.3104853,100980.5,72.764,4999.999999999999,20.0,296.9832802609347,0.0101993462206664,9.079231041262585,19.79527489029552,-35229.7440004312,-35209.948725540904,35282.71272554091
1970-01-01 00:13:29.505802,22.9093631,120.3105332,100979.0,71.617,4999.999999999999,20.0,296.9818217856215,0.0101993807432416,9.079231041262585,19.7954098575994,-35229.34213809576,-35209.54672823816,35281.163728238156
1970-01-01 00:13:29.937801,22.9093232,120.3105874,100984.0,70.675,4999.999999999999,74.2827950679173,296.98035916469144,0.0101994475016497,14.27343538222847,19.795566821761746,-35175.64823388625,-35155.852667064486,35226.52766706449
1970-01-01 00:13:30.477907,22.9092861,120.3106446,100989.0,70.439,4999.999999999999,74.2827950679173,296.9789123505117,0.0101995321854586,14.27343538222847,19.795734695662016,-35176.238962879426,-35156.443228183765,35226.882228183764
1970-01-01 00:13:30.909908,22.9092512,120.3107037,100991.0,70.031,4999.999999999999,74.2827950679173,296.9774834773144,0.0101996293595231,14.27343538222847,19.795909685542107,-35176.37433295869,-35156.578423273146,35226.60942327315
1970-01-01 00:13:31.342103,22.9092185,120.3107651,100989.0,69.392,4999.999999999999,74.2827950679173,296.97606755793186,0.0101997403813505,14.27343538222847,19.796093089704986,-35175.90129438324,-35156.10520129354,35225.49720129354
1970-01-01 00:13:31.882199,22.9091864,120.3108292,100995.0,68.9,4999.999999999999,20.0,296.9746281463125,0.0101998619318813,1.821117017691732,19.796285502969305,-35230.9281314174,-35211.13184591443,35280.03184591443
1970-01-01 00:13:32.951526,22.9091187,120.3109617,100994.29,68.722,4999.999999999999,20.0,296.9716223125391,0.0102001083021845,1.821117017691732,19.79668279661811,-35230.46307925806,-35210.66639646144,35279.38839646144
1970-01-01 00:13:33.502487,22.9090871,120.3110295,100999.0,68.639,4999.999999999999,20.0,296.97014212517,0.0102002428026176,9.50860356951858,19.796887518563363,-35231.00553703249,-35211.20864951393,35279.84764951393
1970-01-01 00:13:33.934646,22.909058,120.3110978,101006.0,68.273,4999.999999999999,20.0,296.9687036633375,0.0102003860217681,9.50860356951858,19.797095021964267,-35231.90205585407,-35212.104960832105,35280.377960832106
1970-01-01 00:13:34.345207,22.9090299,120.3111667,101007.0,67.774,4999.999999999999,20.0,296.9672761628979,0.0102005339088466,9.50860356951858,19.797304970047826,-35231.88506444641,-35212.087759476366,35279.861759476364
1970-01-01 00:13:34.474802,22.9090299,120.3111667,100998.0,67.774,4999.999999999999,20.0,296.9672761628979,0.0102005339088466,9.50860356951858,19.797304970047826,-35230.51287011484,-35210.7155651448,35278.489565144795
1970-01-01 00:13:34.906819,22.9090024,120.3112356,101009.0,67.369,4999.999999999999,20.0,296.9658593649542,0.0102006832883107,4.80950883879513,19.797515251029047,-35232.0217987858,-35212.22428353477,35279.59328353477
1970-01-01 00:13:35.339001,22.9089772,120.3113029,101003.0,67.497,4999.999999999999,20.0,296.9645072624012,0.0102008338468046,4.80950883879513,19.79772145391697,-35230.946532289505,-35211.148810835584,35278.64581083559
1970-01-01 00:13:35.879001,22.9089557,120.3113674,101018.0,67.953,4999.999999999999,20.0,296.9632630078843,0.0102009857624771,9.544041484210636,19.797920323430542,-35233.08564698348,-35213.287726660055,35281.24072666006
1970-01-01 00:13:36.937406,22.9089293,120.3114866,101003.0,68.894,4999.999999999999,20.0,296.9612260875199,0.0102013055746026,1.1004447434369071,19.798293983124523,-35230.55704291459,-35210.75874893146,35279.65274893146
1970-01-01 00:13:37.499090,22.908927,120.3115389,101001.0,69.264,4999.999999999999,20.0,296.9605162399215,0.0102014733490999,1.1004447434369071,19.79846216801109,-35230.16785463936,-35210.36939247135,35279.633392471354
1970-01-01 00:13:37.931083,22.9089311,120.3115849,101008.0,69.382,4999.999999999999,20.0,296.9600135932174,0.0102016391217808,4.157128347855993,19.798612887120477,-35231.17540790497,-35211.37679501785,35280.75879501785
1970-01-01 00:13:38.352341,22.9089396,120.3116273,101008.0,68.972,4999.999999999999,20.0,296.95964431821324,0.0102018060090386,4.157128347855993,19.798753973867864,-35231.13157244784,-35211.33281847397,35280.304818473975
1970-01-01 00:13:38.471088,22.9089396,120.3116273,101007.0,68.972,4999.999999999999,20.0,296.95964431821324,0.0102018060090386,4.157128347855993,19.798753973867864,-35230.979116440525,-35211.18036246666,35280.15236246666
1970-01-01 00:13:38.903071,22.908951,120.3116693,101007.0,68.111,4999.999999999999,32.636464268916434,296.9593380768233,0.010201980260311,13.69673482066736,19.798895113584337,-35218.30629939086,-35198.507404277276,35266.61840427727
1970-01-01 00:13:39.335138,22.9089662,120.3117125,101013.0,67.594,4999.999999999999,32.636464268916434,296.9590926050764,0.0102021699335889,13.69673482066736,19.79904189718898,-35219.19187636164,-35199.39283446445,35266.98683446445
1970-01-01 00:13:39.875223,22.9089836,120.311756,101021.0,67.482,4999.999999999999,61.25622139156445,296.9588875833771,0.0102023672783749,12.438170269260487,19.79919069569712,-35191.76733331447,-35171.968142618774,35239.45014261878
1970-01-01 00:13:40.945026,22.9090232,120.3118324,101040.14,66.691,4999.999999999999,20.0,296.9587090335235,0.0102027412071496,7.83400597434682,19.79945624045581,-35235.919817674076,-35216.12036143362,35282.81136143362
1970-01-01 00:13:41.496015,22.9090447,120.3118649,101045.0,65.86,4999.999999999999,20.0,296.9587265766146,0.0102029143511858,8.19630914643555,19.79957135492086,-35236.66262611081,-35216.863054755886,35282.72305475589
1970-01-01 00:13:41.928042,22.9090669,120.3118954,101063.0,65.093,4999.999999999999,20.0,296.9587838401068,0.0102030829975136,8.19630914643555,19.799680330259545,-35239.41260241272,-35219.61292208246,35284.70592208246
1970-01-01 00:13:42.338590,22.9090897,120.3119267,101060.164,64.218,4999.999999999999,20.0,296.9588433831768,0.0102032562216356,2.104955837890911,19.79979220532512,-35238.98749555358,-35219.18770334825,35283.40570334825
1970-01-01 00:13:42.900194,22.909114,120.3119595,101064.0,63.571,4999.999999999999,20.0,296.9589143865852,0.0102034390805355,2.104955837890911,19.79990966209237,-35239.580490078726,-35219.780580416635,35283.35158041664
1970-01-01 00:13:43.332193,22.9091392,120.311993,101068.0,63.341,4999.999999999999,100.83923367551472,296.9589950314343,0.0102036271064046,13.161211580334395,19.800029836499263,-35159.360368669666,-35139.560338833166,35202.901338833166
1970-01-01 00:13:43.872214,22.909165,120.3120253,101068.0,63.037,4999.999999999999,100.83923367551472,296.9591033483607,0.0102038130315561,13.161211580334395,19.80014642279519,-35159.373229962,-35139.57308353921,35202.610083539206
1970-01-01 00:13:44.520230,22.9091918,120.312055,101074.0,62.646,4999.999999999999,20.0,296.95926500522205,0.0102039933569511,9.979071331707637,19.80025504936741,-35241.1459278756,-35221.34567282623,35283.99167282623
1970-01-01 00:13:44.930587,22.9092191,120.3120832,101082.836,62.096,4999.999999999999,20.0,296.9594560760417,0.0102041702634976,3.803910924680165,19.800359059254237,-35242.51495081165,-35222.714591752396,35284.81059175239
1970-01-01 00:13:45.492174,22.9092464,120.3121111,101083.0,61.383,4999.999999999999,20.0,296.95965139121887,0.0102043462722368,3.803910924680165,19.800462124201665,-35242.56313123406,-35222.76266910986,35284.145669109865
1970-01-01 00:13:45.924318,22.9092754,120.3121396,101076.0,60.691,4999.999999999999,88.44773856680122,296.95987369563994,0.0102045295355623,14.434415410555768,19.800567940822493,-35173.0752129799,-35153.27464503908,35213.965645039076
1970-01-01 00:13:46.345495,22.9093092,120.31217,101077.0,60.291,4999.999999999999,88.44773856680122,296.9601688763978,0.0102047337992993,14.434415410555768,19.80068214647037,-35173.262635245606,-35153.46195309913,35213.75295309913
1970-01-01 00:13:46.464279,22.9093092,120.31217,101074.0,60.291,4999.999999999999,88.44773856680122,296.9601688763978,0.0102047337992993,14.434415410555768,19.80068214647037,-35172.80551558949,-35153.00483344302,35213.295833443015
1970-01-01 00:13:46.896376,22.909348,120.3122033,101078.0,60.176,4999.999999999999,20.0,296.9605285645779,0.0102049630815729,1.2749007733663873,19.800808095175853,-35241.90545494813,-35222.10464685295,35282.28064685295
1970-01-01 00:13:47.328376,22.90939,120.3122361,101105.0,60.318,4999.999999999999,20.0,296.96095956928207,0.0102052005369318,6.006425300113459,19.800933914224935,-35246.07019423582,-35226.2692603216,35286.5872603216
1970-01-01 00:13:47.868532,22.9094304,120.3122653,101109.0,60.361,4999.999999999999,20.0,296.9614044307788,0.0102054212010955,6.006425300113459,19.80104732937443,-35246.73236611482,-35226.93131878544,35287.29231878544
1970-01-01 00:13:48.516586,22.9094693,120.3122895,101107.0,60.122,4999.999999999999,20.0,296.96188253604146,0.010205620606886,7.27039333642538,19.80114381362377,-35246.48447637199,-35226.683332558365,35286.80533255837
1970-01-01 00:13:48.948709,22.9095072,120.3123113,101106.0,59.996,4999.999999999999,20.0,296.9623711634191,0.0102058090070687,10.058299185838068,19.801232051497543,-35246.39016807592,-35226.588936024425,35286.584936024425
1970-01-01 00:13:49.488800,22.9095432,120.3123333,101119.0,60.252,4999.999999999999,20.0,296.96281957642725,0.0102059924458307,10.058299185838068,19.80132010120871,-35248.42370286513,-35228.622382763926,35288.87438276393
1970-01-01 00:13:49.921011,22.9095769,120.3123558,101110.0,60.232,4999.999999999999,20.0,296.96321594600533,0.0102061707186907,6.510016048591106,19.8014087585425,-35247.0998324892,-35227.29842373066,35287.53042373066
1970-01-01 00:13:50.331564,22.9096096,120.3123793,101102.664,60.153,4999.999999999999,20.0,296.9635801544135,0.0102063494549566,6.510016048591106,19.801500245235157,-35246.02553882616,-35226.22403858092,35286.37703858092
1970-01-01 00:13:50.893435,22.9096389,120.312403,101111.0,60.633,4999.999999999999,117.95144515259402,296.9638738832416,0.0102065186610878,13.146048608968451,19.801590862091604,-35149.37885581338,-35129.57726495129,35190.21026495129
1970-01-01 00:13:51.325401,22.9096647,120.3124261,101111.0,60.75,4999.999999999999,117.95144515259402,296.9641050331657,0.0102066753041237,13.146048608968451,19.80167795247408,-35149.40630710103,-35129.604629148555,35190.354629148555
1970-01-01 00:13:51.865478,22.9096895,120.3124482,101113.0,60.155,4999.999999999999,20.0,296.96432886690894,0.0102068256013386,8.366441449858485,19.8017613462936,-35247.68899629757,-35227.887234951275,35288.042234951274
1970-01-01 00:13:52.513485,22.9097138,120.3124711,101104.0,59.691,4999.999999999999,20.0,296.96453298479526,0.0102069771734799,8.366441449858485,19.801847143308528,-35246.34222080163,-35226.54037365832,35286.23137365832
1970-01-01 00:13:52.945488,22.9097366,120.3124975,101106.0,59.614,4999.999999999999,20.0,296.9646636047947,0.0102071361517991,4.904281137950123,19.801943703463465,-35246.66241176683,-35226.86046806337,35286.474468063374
1970-01-01 00:13:53.485906,22.9097617,120.3125282,101093.0,59.319,4999.999999999999,20.0,296.96478744450485,0.0102073168301773,4.904281137950123,19.802055379014504,-35244.696616740286,-35224.894561361274,35284.21356136128
1970-01-01 00:13:53.917927,22.9097943,120.3125572,101090.0,59.134,4999.999999999999,108.8782410577284,296.9650842274021,0.0102075146833919,13.59763655482803,19.802164957118624,-35155.39655014319,-35135.59438518607,35194.72838518607
1970-01-01 00:13:54.349883,22.9098343,120.3125798,101090.0,59.249,4999.999999999999,20.0,296.9656104853267,0.010207713444284,8.34058065054877,19.802257036016645,-35244.33728374651,-35224.53502671049,35283.78402671049
1970-01-01 00:13:54.457907,22.9098343,120.3125798,101091.0,59.249,4999.999999999999,20.0,296.9656104853267,0.010207713444284,8.34058065054877,19.802257036016645,-35244.48964144902,-35224.687384413,35283.936384413006
1970-01-01 00:13:54.890063,22.9098792,120.3125966,101091.0,59.609,4999.999999999999,20.0,296.96630821781486,0.0102079075160418,8.34058065054877,19.8023324221276,-35244.572496767054,-35224.770164344925,35284.37916434492
1970-01-01 00:13:55.948699,22.9099674,120.3126213,101092.0,60.056,4999.999999999999,20.0,296.9677829643373,0.0102082607249582,10.65263313825716,19.8024534165593,-35244.899979636284,-35225.097526219724,35285.15352621972
1970-01-01 00:13:56.510699,22.9100071,120.3126257,101084.0,60.752,4999.999999999999,76.8632503683389,296.9685303241222,0.0102083968625243,13.928566368661771,19.802485924562987,-35186.90658016804,-35167.10409424348,35227.85609424348
1970-01-01 00:13:56.942704,22.9100407,120.3126202,101095.0,61.873,4999.999999999999,76.8632503683389,296.9692769797164,0.0102084805697345,13.928566368661771,19.802483274800387,-35188.67121123971,-35168.86872796491,35230.74172796491
1970-01-01 00:13:57.482714,22.9100678,120.3126095,101093.0,62.666,4999.999999999999,76.8632503683389,296.96995651061764,0.0102085266385305,13.928566368661771,19.80246065009432,-35188.44719520272,-35168.64473455263,35231.31073455263
1970-01-01 00:13:57.914801,22.9100916,120.3125982,101087.0,62.799,4999.999999999999,76.8632503683389,296.9705766497619,0.0102085605508858,13.928566368661771,19.802434554222405,-35187.606671829795,-35167.80423727557,35230.60323727557
1970-01-01 00:13:58.346826,22.9101137,120.3125868,101097.0,62.708,4999.999999999999,42.695599919547625,296.9711635445572,0.0102085889004909,12.73155978932457,19.802407353120135,-35223.36760169204,-35203.565194338924,35266.27319433892
1970-01-01 00:13:58.887034,22.9101356,120.3125789,101096.0,62.676,4999.999999999999,42.695599919547625,296.97170307611066,0.0102086285930963,12.73155978932457,19.80239150319938,-35223.279318897745,-35203.47692739454,35266.15292739454
1970-01-01 00:13:59.859011,22.9101773,120.3125608,101077.0,61.839,4999.999999999999,42.695599919547625,296.9727677939384,0.0102086936212074,12.73155978932457,19.802351317473544,-35220.51079735964,-35200.70844604217,35262.54744604217
1970-01-01 00:14:00.507003,22.9101962,120.3125374,101069.0,61.496,4999.999999999999,42.695599919547625,296.9734373957909,0.0102086709398115,12.73155978932457,19.802283410293647,-35219.371242740366,-35199.56895933007,35261.06495933007
1970-01-01 00:14:00.938998,22.9102119,120.312505,101092.0,61.777,4999.999999999999,42.695599919547625,296.9741530203666,0.0102086075804796,12.73155978932457,19.80218462685856,-35222.9608233501,-35203.15863872324,35264.93563872324
1970-01-01 00:14:01.349376,22.9102223,120.3124694,101100.164,61.79,4999.999999999999,76.8632503683389,296.9748009245184,0.0102085170557868,13.928566368661771,19.802072987608582,-35190.11394263073,-35170.31186964312,35232.10186964312
1970-01-01 00:14:01.478998,22.9102223,120.3124694,101109.0,61.79,4999.999999999999,76.8632503683389,296.9748009245184,0.0102085170557868,13.928566368661771,19.802072987608582,-35191.46006511669,-35171.65799212908,35233.447992129084
1970-01-01 00:14:01.911053,22.9102301,120.312434,101106.0,61.357,4999.999999999999,76.8632503683389,296.9753937797834,0.010208419267918,13.928566368661771,19.80196084141549,-35191.07344586842,-35171.271485027,35232.628485027
1970-01-01 00:14:02.343186,22.9102357,120.312398,101096.0,60.834,4999.999999999999,76.8632503683389,296.97594956702386,0.0102083127048556,13.928566368661771,19.801845758504,-35189.61594761255,-35169.81410185404,35230.64810185404
1970-01-01 00:14:02.883194,22.9102394,120.3123587,101097.0,60.477,4999.999999999999,20.0,296.976507612357,0.0102081890239833,10.65263313825716,19.80171905976347,-35246.69782293486,-35226.8961038751,35287.3731038751
1970-01-01 00:14:03.941907,22.910248,120.3122722,101109.164,59.508,4999.999999999999,20.0,296.9777447382386,0.0102079181068937,10.65263313825716,19.80144050957092,-35248.69790276288,-35228.89646225331,35288.40446225331
1970-01-01 00:14:04.503581,22.9102525,120.312226,101115.0,58.77,4999.999999999999,20.0,296.97840343560205,0.0102077730832361,8.34058065054877,19.801291753911503,-35249.66517298876,-35229.86388123485,35288.63388123485
1970-01-01 00:14:04.935798,22.9102562,120.3121781,101126.0,58.361,4999.999999999999,20.0,296.9790668658381,0.0102076197768526,8.34058065054877,19.801137133426693,-35251.419571134065,-35231.61843400064,35289.979434000634
1970-01-01 00:14:05.475848,22.9102597,120.3121288,101128.0,58.028,4999.999999999999,108.8782410577284,296.9797433973608,0.0102074610340052,13.59763655482803,19.800977903585498,-35162.92632078192,-35143.12534287833,35201.15334287833
1970-01-01 00:14:05.907815,22.9102629,120.3120787,101123.0,57.709,4999.999999999999,108.8782410577284,296.9804236528803,0.0102072986152966,13.59763655482803,19.800815980122103,-35162.24550063165,-35142.44468465153,35200.15368465153
1970-01-01 00:14:06.340001,22.9102638,120.312028,101131.0,57.358,4999.999999999999,20.0,296.98106514813446,0.0102071271945106,4.904281137950123,19.800651117029336,-35252.41849819585,-35232.61784707882,35289.97584707882
1970-01-01 00:14:06.880059,22.9102627,120.311977,101132.0,57.05,4999.999999999999,20.0,296.9816702994708,0.0102069487282741,4.904281137950123,19.80048443196514,-35252.6426878956,-35232.84220346363,35289.892203463634
1970-01-01 00:14:07.949495,22.9102519,120.3118728,101156.43,55.949,4999.999999999999,20.0,296.98273600529967,0.0102065584923,8.366441449858485,19.800140211624196,-35256.489974785385,-35236.689834573765,35292.638834573765
1970-01-01 00:14:08.500204,22.9102461,120.3118188,101168.0,54.852,4999.999999999999,117.95144515259402,296.9832845046192,0.010206355714533,13.146048608968451,19.79996183531673,-35160.36555351924,-35140.565591683924,35195.41759168392
1970-01-01 00:14:08.932245,22.9102438,120.3117642,101174.0,53.975,4999.999999999999,117.95144515259402,296.9839103604909,0.0102061613834445,13.146048608968451,19.799783144424264,-35161.353511735186,-35141.55372859076,35195.52872859076
1970-01-01 00:14:09.342649,22.910242,120.3117084,101179.336,53.269,4999.999999999999,20.0,296.9845610175359,0.0102059644433544,6.510016048591106,19.79960084221758,-35260.19472157284,-35240.39512073062,35293.664120730624
1970-01-01 00:14:09.472319,22.910242,120.3117084,101186.0,53.269,4999.999999999999,20.0,296.9845610175359,0.0102059644433544,6.510016048591106,19.79960084221758,-35261.209349090335,-35241.409748248116,35294.678748248116
1970-01-01 00:14:09.904320,22.9102384,120.3116509,101190.0,52.395,4999.999999999999,20.0,296.9851968239333,0.0102057563163734,10.058299185838068,19.799412279079277,-35261.89387713514,-35242.09446485606,35294.48946485606
1970-01-01 00:14:10.336293,22.9102342,120.3115915,101192.0,51.102,4999.999999999999,20.0,296.9858442040279,0.0102055399115343,10.058299185838068,19.79921735018414,-35262.275277076755,-35242.47605972657,35293.57805972657
1970-01-01 00:14:10.876322,22.9102312,120.31153,101218.0,50.078,4999.999999999999,20.0,296.9865414215293,0.0102053199016777,7.27039333642538,19.79901621690425,-35266.31605719805,-35246.51704098115,35296.59504098115
1970-01-01 00:14:11.934797,22.910224,120.3114066,101233.836,48.243,4999.999999999999,20.0,296.98791731585266,0.0102048750328642,6.006425300113459,19.79861237611564,-35268.88983711796,-35249.091224741846,35297.33422474185
1970-01-01 00:14:12.496375,22.9102178,120.311347,101249.0,47.655,4999.999999999999,20.0,296.98852809788366,0.0102046521589411,1.2749007733663873,19.79841624382515,-35271.27015301666,-35251.47173677284,35299.126736772836
1970-01-01 00:14:12.928697,22.9102115,120.3112902,101267.0,46.867,4999.999999999999,20.0,296.9891026467231,0.0102044386488368,1.2749007733663873,19.798229230556945,-35274.077408229896,-35254.279178999335,35301.146178999334
1970-01-01 00:14:13.350052,22.9102046,120.3112347,101265.57,45.326,4999.999999999999,88.44773856680122,296.9896495341025,0.0102042278790274,14.434415410555768,19.79804624199688,-35205.47707872586,-35185.679032483866,35231.00503248387
1970-01-01 00:14:13.469010,22.9102046,120.3112347,101270.0,45.326,4999.999999999999,88.44773856680122,296.9896495341025,0.0102042278790274,14.434415410555768,19.79804624199688,-35206.1511209635,-35186.353074721505,35231.679074721505
1970-01-01 00:14:13.901013,22.9101972,120.3111795,101286.0,44.577,4999.999999999999,20.0,296.9901830754804,0.0102040167197048,3.803910924680165,19.79786407824933,-35277.096535827564,-35257.29867174932,35301.875671749316
1970-01-01 00:14:14.333009,22.91019,120.3111278,101284.0,44.959,4999.999999999999,20.0,296.9906776942043,0.0102038182100099,3.803910924680165,19.79769341264592,-35276.85105377262,-35257.05336035997,35302.01236035997
1970-01-01 00:14:14.873009,22.9101833,120.3110806,101286.0,44.906,4999.999999999999,20.0,296.991126956627,0.010203636652973,9.979071331707637,19.797537602651467,-35277.20871550841,-35257.41117790576,35302.31717790576
1970-01-01 00:14:15.521011,22.9101784,120.3110362,101304.0,44.386,4999.999999999999,20.0,296.9915773992482,0.0102034700265399,9.979071331707637,19.79739170397315,-35280.00044433824,-35260.20305263427,35304.58905263427
1970-01-01 00:14:15.942206,22.9101756,120.3109941,101310.43,43.714,4999.999999999999,100.83923367551472,296.9920410115069,0.0102033174765274,13.161211580334395,19.797254220236773,-35200.194364735435,-35180.3971105152,35224.1111105152
1970-01-01 00:14:16.493019,22.9101726,120.3109532,101320.0,42.847,4999.999999999999,100.83923367551472,296.99248596634754,0.0102031684709166,13.161211580334395,19.79712057096868,-35201.702828627705,-35181.905708056736,35224.75270805674
1970-01-01 00:14:16.925027,22.9101707,120.3109124,101354.0,41.993,4999.999999999999,20.0,296.99295141310574,0.0102030230462581,2.104955837890911,19.796987767768844,-35287.76782078864,-35267.970833020874,35309.963833020876
1970-01-01 00:14:17.335404,22.9101729,120.3108809,101352.0,41.951,4999.999999999999,20.0,296.99338293608423,0.0102029215050516,2.104955837890911,19.79688687422476,-35287.515017411424,-35267.7181305372,35309.6691305372
1970-01-01 00:14:17.897004,22.9101753,120.3108596,101353.0,41.931,4999.999999999999,20.0,296.99369264750493,0.0102028555059891,2.104955837890911,19.79681906348192,-35287.70388997253,-35267.90707090905,35309.83807090905
1970-01-01 00:14:18.329108,22.9101753,120.3108493,101360.0,41.905,4999.999999999999,20.0,296.9938195824143,0.0102028201957169,2.104955837890911,19.7967857655078,-35288.78331850199,-35268.98653273648,35310.89153273648
1970-01-01 00:14:18.869074,22.9101751,120.3108487,101361.0,41.875,4999.999999999999,20.0,296.9938230440392,0.0102028175541698,2.104955837890911,19.79678373799589,-35288.93577347958,-35269.13898974158,35311.01398974158
1970-01-01 00:14:19.517106,22.9101751,120.3108486,101362.0,41.846,4999.999999999999,20.0,296.99382427642286,0.0102028172113531,2.104955837890911,19.796783414727397,-35289.08796221541,-35269.29117880068,35311.13717880068
1970-01-01 00:14:19.949070,22.910175,120.3108486,101362.0,41.826,4999.999999999999,20.0,296.993822310105,0.0102028169190347,2.104955837890911,19.79678337078001,-35289.08772844324,-35269.29094507246,35311.11694507246
1970-01-01 00:14:20.489212,22.9101751,120.3108486,101364.0,41.797,4999.999999999999,20.0,296.99382427642286,0.0102028172113531,2.104955837890911,19.796783414727397,-35289.3920430126,-35269.595259597874,35311.39225959787
1970-01-01 00:14:20.921384,22.9101751,120.3108485,101357.0,41.76,4999.999999999999,20.0,296.9938255088066,0.0102028168685363,2.104955837890911,19.796783091459066,-35288.32788547946,-35268.531102388006,35310.29110238801
1970-01-01 00:14:21.342596,22.910175,120.3108485,101358.71,41.735,4999.999999999999,20.0,296.99382354249167,0.0102028165762187,2.104955837890911,19.796783047511774,-35288.587651479895,-35268.790868432385,35310.525868432385
1970-01-01 00:14:21.461471,22.910175,120.3108485,101358.0,41.735,4999.999999999999,20.0,296.99382354249167,0.0102028165762187,2.104955837890911,19.796783047511774,-35288.47969879139,-35268.68291574388,35310.41791574388
