timestamp,lat,lon,p_drone_pa,h_hae_true,p_ref_pa,h_ref_msl,t_ref_k,q_ref,roughness,n_geoid
1970-01-01 00:10:45.326161,22.9109217,120.3098401,100203.0,135.898,4999.999999999999,61.25622139156445,297.02070680533825,0.010201488255548641,12.438170269260489,19.7938547470327
1970-01-01 00:10:45.866248,22.9109468,120.3097719,100201.0,136.063,4999.999999999999,61.25622139156445,297.0220173806976,0.010201322226378037,12.438170269260489,19.793646072997223
1970-01-01 00:10:46.514188,22.9109867,120.3097157,100189.0,136.483,4999.999999999999,61.25622139156445,297.0234678863816,0.010201239834659023,12.438170269260489,19.7934823761742
1970-01-01 00:10:46.946281,22.9110387,120.3096744,100178.0,137.183,4999.999999999999,61.25622139156445,297.02497088413793,0.010201243461687357,12.438170269260489,19.793371772146287
1970-01-01 00:10:47.486701,22.9110983,120.3096484,100185.0,137.828,4999.999999999999,61.25622139156445,297.0264349454783,0.010201321798399249,12.438170269260489,19.793313592752856
1970-01-01 00:10:47.918699,22.9111621,120.3096393,100163.0,138.334,4999.999999999999,20.0,297.0277758565441,0.010201470954261771,7.8340059743468204,19.793311526424322
1970-01-01 00:10:48.350725,22.9112263,120.3096527,100188.0,139.021,4999.999999999999,20.0,297.028853968233,0.010201699994064388,7.8340059743468204,19.793381985760313
1970-01-01 00:10:48.458711,22.9112263,120.3096527,100173.0,139.021,4999.999999999999,20.0,297.028853968233,0.010201699994064388,7.8340059743468204,19.793381985760313
1970-01-01 00:10:48.890807,22.9112873,120.3096849,100169.0,139.782,4999.999999999999,20.0,297.02964541857443,0.010201986027008773,8.19630914643555,19.793511589340806
1970-01-01 00:10:49.322844,22.9113448,120.3097265,100171.0,140.156,4999.999999999999,20.0,297.03025788659284,0.010202295410346535,2.104955837890911,19.793670014732985
1970-01-01 00:10:49.949231,22.9114009,120.3097696,100158.0,140.064,4999.999999999999,100.83923367551473,297.03082678866247,0.01020260642798923,13.161211580334395,19.79383274999743
1970-01-01 00:10:50.510798,22.9114571,120.3098101,100154.0,140.045,4999.999999999999,20.0,297.03143012005046,0.010202908925232202,9.979071331707637,19.793987229408206
1970-01-01 00:10:50.942816,22.9115145,120.3098422,100162.0,140.081,4999.999999999999,20.0,297.03215819116906,0.010203185566353037,3.803910924680165,19.79411521493977
1970-01-01 00:10:51.482999,22.9115729,120.3098576,100150.0,140.212,4999.999999999999,88.44773856680122,297.0331055244427,0.010203406397864248,14.434415410555768,19.794189826436003
1970-01-01 00:10:51.915008,22.911628,120.30985,100164.0,140.937,4999.999999999999,88.44773856680122,297.0342628712839,0.010203536694652935,14.434415410555768,19.794188864982864
1970-01-01 00:10:52.347084,22.9116782,120.3098285,100161.0,141.439,4999.999999999999,20.0,297.03549011405266,0.010203603809259014,1.2749007733663873,19.794140970038388
1970-01-01 00:10:52.887201,22.9117274,120.309805,100164.0,141.227,4999.999999999999,20.0,297.0367210708748,0.010203660841034776,1.2749007733663873,19.794086182987513
1970-01-01 00:10:53.319233,22.9117788,120.3097902,100153.0,140.776,4999.999999999999,20.0,297.03789086567645,0.010203754796491143,1.2749007733663873,19.794060375589236
1970-01-01 00:10:53.859183,22.9118325,120.3097948,100163.0,140.338,4999.999999999999,20.0,297.03887527890527,0.010203924005218832,6.006425300113459,19.794098106408857
1970-01-01 00:10:54.507373,22.9118841,120.3098209,100169.0,140.174,4999.999999999999,20.0,297.0395653062335,0.010204163614597948,7.27039333642538,19.794204310355816
1970-01-01 00:10:54.939381,22.9119297,120.3098655,100175.0,140.12,4999.999999999999,20.0,297.03992175110227,0.010204452063459955,7.27039333642538,19.79436770566627
1970-01-01 00:10:55.349907,22.9119669,120.3099258,100175.5,139.968,4999.999999999999,20.0,297.0399316033015,0.010204772659626483,10.058299185838067,19.794578294942802
1970-01-01 00:10:55.479535,22.9119669,120.3099258,100167.0,139.968,4999.999999999999,20.0,297.0399316033015,0.010204772659626483,10.058299185838067,19.794578294942802
1970-01-01 00:10:55.911621,22.9119931,120.31,100171.0,139.851,4999.999999999999,20.0,297.0395656692398,0.01020511157190027,6.510016048591106,19.794829213931
1970-01-01 00:10:56.343595,22.9120091,120.3100832,100188.0,139.753,4999.999999999999,117.95144515259402,297.0388967706659,0.010205453553998519,13.146048608968453,19.795105016537843
1970-01-01 00:10:56.883579,22.9120205,120.3101692,100200.0,139.604,4999.999999999999,20.0,297.0381062153127,0.010205792476323569,8.366441449858485,19.79538807710268
1970-01-01 00:10:57.942162,22.9120441,120.3103419,100210.336,138.893,4999.999999999999,108.8782410577284,297.0365342502672,0.010206475546708373,13.59763655482803,19.795957345060394
1970-01-01 00:10:58.503840,22.912048,120.310434,100192.0,137.897,4999.999999999999,20.0,297.0355272266823,0.010206814932670847,8.34058065054877,19.796257475389996
1970-01-01 00:10:58.935908,22.9120318,120.3105331,100193.0,136.91,4999.999999999999,20.0,297.034044784562,0.01020712101097203,10.65263313825716,19.796571798710225
1970-01-01 00:10:59.476033,22.9119923,120.3106329,100208.0,136.516,4999.999999999999,76.8632503683389,297.0320964976005,0.010207361601790966,13.928566368661771,19.79687846323744
1970-01-01 00:10:59.908290,22.9119434,120.3107286,100214.0,136.889,4999.999999999999,76.8632503683389,297.03000967787693,0.01020755965011745,13.928566368661771,19.7971678630756
1970-01-01 00:11:00.340381,22.9118972,120.3108228,100218.0,137.22,4999.999999999999,42.695599919547625,297.02799082075285,0.010207759586023591,12.73155978932457,19.79745367160493
1970-01-01 00:11:00.880404,22.9118549,120.3109178,100227.0,137.352,4999.999999999999,42.695599919547625,297.0260366562518,0.010207973155227177,12.73155978932457,19.79774388941257
1970-01-01 00:11:01.949789,22.9117507,120.3111038,100205.43,136.897,4999.999999999999,20.0,297.0217815428585,0.010208326736432335,3.271159733777245,19.798303054509933
1970-01-01 00:11:02.500697,22.9116723,120.3111834,100219.0,136.258,4999.999999999999,20.0,297.01928881609535,0.010208377566103691,3.271159733777245,19.798527593243907
1970-01-01 00:11:02.932763,22.9115796,120.3112493,100221.0,136.131,4999.999999999999,20.0,297.01667241245275,0.010208336923378449,3.271159733777245,19.79870124437182
1970-01-01 00:11:03.343236,22.9114853,120.3113107,100228.5,136.709,4999.999999999999,42.695599919547625,297.0140743291911,0.01020827482173551,12.73155978932457,19.79885950272162
1970-01-01 00:11:03.472767,22.9114853,120.3113107,100226.0,136.709,4999.999999999999,42.695599919547625,297.0140743291911,0.01020827482173551,12.73155978932457,19.79885950272162
1970-01-01 00:11:03.904906,22.9113943,120.3113755,100221.0,137.1,4999.999999999999,42.695599919547625,297.0114975158498,0.01020823361231567,12.73155978932457,19.799030244597606
1970-01-01 00:11:04.337025,22.9113084,120.3114468,100218.0,137.169,4999.999999999999,42.695599919547625,297.0089404556068,0.010208229492949712,12.73155978932457,19.799224375740636
1970-01-01 00:11:04.877004,22.9112298,120.3115257,100220.0,137.053,4999.999999999999,42.695599919547625,297.0064334721341,0.010208272813861552,12.73155978932457,19.79944648329189
1970-01-01 00:11:05.935499,22.9111082,120.311707,100231.164,136.206,4999.999999999999,20.0,297.00183425003627,0.010208545120493824,3.271159733777245,19.79998319306611
1970-01-01 00:11:06.497283,22.9110642,120.3118047,100242.0,136.224,4999.999999999999,20.0,296.9997798059544,0.010208754959791268,3.271159733777245,19.80028215256487
1970-01-01 00:11:06.713378,22.9110326,120.3118779,100225.0,136.412,4999.999999999999,63.49646271047641,296.99826614201777,0.010208915868151452,14.666007006843014,19.800506835061377
1970-01-01 00:11:07.350631,22.910979,120.3119988,100220.86,136.989,4999.999999999999,63.49646271047641,296.9957348894096,0.010209176670092229,14.666007006843014,19.8008774536328
1970-01-01 00:11:07.469446,22.910979,120.3119988,100211.0,136.989,4999.999999999999,63.49646271047641,296.9957348894096,0.010209176670092229,14.666007006843014,19.8008774536328
1970-01-01 00:11:07.901384,22.910944,120.3120964,100218.0,137.293,4999.999999999999,106.75817564071433,296.9938543405382,0.010209411447235403,13.199131631520086,19.80118050644797
1970-01-01 00:11:08.333383,22.9109246,120.3121951,100210.0,137.103,4999.999999999999,20.0,296.9922714893049,0.010209696673347708,4.579857282228539,19.801494329967586
1970-01-01 00:11:08.873421,22.9109249,120.312291,100209.0,137.008,4999.999999999999,20.0,296.9911172930333,0.010210031506849893,2.9413166788061873,19.80180807080899
1970-01-01 00:11:09.521399,22.9109403,120.3123808,100219.0,137.204,4999.999999999999,77.10824300890782,296.9903407890957,0.010210390906267736,13.940375480859835,19.80210888111386
1970-01-01 00:11:09.953410,22.9109622,120.3124665,100220.0,137.385,4999.999999999999,50.91502738549215,296.98974565753895,0.010210755975238945,12.819423071040173,19.80239941174056
1970-01-01 00:11:10.493409,22.910984,120.3125522,100232.0,137.271,4999.999999999999,20.0,296.9891496380185,0.010211121009343878,1.3255962764315172,19.802690092684628
1970-01-01 00:11:10.925404,22.9109997,120.3126406,100227.0,136.777,4999.999999999999,20.0,296.9883989085598,0.010211477112308968,3.786001669136435,19.802987049052955
1970-01-01 00:11:11.335844,22.9110035,120.3127343,100237.5,135.921,4999.999999999999,58.76297913701906,296.9873442935095,0.01021181550584379,14.517032252996195,19.803296171613063
1970-01-01 00:11:11.897514,22.9109896,120.312833,100244.0,134.971,4999.999999999999,20.0,296.9858709173782,0.01021211712642589,9.503021738044517,19.803613827847332
1970-01-01 00:11:12.329517,22.9109585,120.3129322,100239.0,134.79,4999.999999999999,20.0,296.9840416823629,0.010212367439089251,9.503021738044517,19.803925441172094
1970-01-01 00:11:12.869791,22.9109226,120.3130288,100251.0,135.32,4999.999999999999,20.0,296.9821445112599,0.010212593471504088,5.172470228340899,19.80422646151485
1970-01-01 00:11:13.517824,22.9108921,120.3131233,100247.0,135.72,4999.999999999999,20.0,296.9803805609409,0.01021282836679556,2.5795071282132644,19.804523194601465
1970-01-01 00:11:13.949790,22.9108725,120.3132158,100235.0,135.917,4999.999999999999,20.0,296.9788612039632,0.010213089609484643,2.5795071282132644,19.804818507055366
1970-01-01 00:11:14.489814,22.9108688,120.3133037,100228.0,136.104,4999.999999999999,78.58573653668478,296.97772089916134,0.010213383881337454,14.722535063015306,19.80510616333113
1970-01-01 00:11:14.921815,22.9108843,120.3133802,100220.0,136.365,4999.999999999999,20.0,296.9771106838588,0.010213698077592105,3.5067881593771304,19.80536529787206
1970-01-01 00:11:15.343037,22.9109155,120.3134364,100231.86,137.073,4999.999999999999,20.0,296.9770678674931,0.010213990608491805,1.4302738335339789,19.805564931207236
1970-01-01 00:11:15.461805,22.9109155,120.3134364,100214.0,137.073,4999.999999999999,20.0,296.9770678674931,0.010213990608491805,1.4302738335339789,19.805564931207236
1970-01-01 00:11:15.893974,22.9109522,120.3134707,100227.0,138.123,4999.999999999999,20.0,296.97740340074233,0.010214224214063723,8.55613247336189,19.80569499521838
1970-01-01 00:11:16.326166,22.9109878,120.3134876,100231.0,139.046,4999.999999999999,20.0,296.97792736199654,0.010214393908967386,8.55613247336189,19.805767207452764
1970-01-01 00:11:16.952584,22.91102,120.3134903,100208.664,139.567,4999.999999999999,20.0,296.97855350101963,0.010214503560735895,3.7762341315163854,19.80579102066429
1970-01-01 00:11:17.514220,22.9110464,120.3134769,100216.0,139.94,4999.999999999999,20.0,296.97925522251717,0.010214538967198887,3.7762341315163854,19.805759041831585
1970-01-01 00:11:17.946168,22.9110639,120.3134502,100195.0,140.23,4999.999999999999,20.0,296.97993507480356,0.010214500190472634,3.7762341315163854,19.805679076645564
1970-01-01 00:11:18.486167,22.9110695,120.3134114,100203.0,140.484,4999.999999999999,20.0,296.98051729448014,0.010214382100837728,8.55613247336189,19.80555371973142
1970-01-01 00:11:18.918283,22.9110611,120.313364,100212.0,140.69,4999.999999999999,20.0,296.98091715687474,0.010214190486914704,8.55613247336189,19.80539358022744
1970-01-01 00:11:19.350423,22.9110394,120.3133139,100218.0,140.814,4999.999999999999,20.0,296.981078432587,0.010213948269794552,1.4302738335339789,19.805218466870127
1970-01-01 00:11:19.890587,22.9110086,120.3132654,100227.0,140.549,4999.999999999999,20.0,296.9810354967773,0.010213683609720976,3.5067881593771304,19.805044504531686
1970-01-01 00:11:20.322592,22.9109753,120.3132181,100234.0,139.918,4999.999999999999,78.58573653668478,296.9809280206904,0.010213415613741374,14.722535063015306,19.80487342010055
1970-01-01 00:11:20.862867,22.9109456,120.3131704,100242.0,138.647,4999.999999999999,78.58573653668478,296.9808996326687,0.01021315757478525,14.722535063015306,19.80470275294053
1970-01-01 00:11:21.511034,22.9109313,120.3131221,100247.0,137.054,4999.999999999999,20.0,296.9811927072559,0.01021294518311148,2.5795071282132644,19.80453726602783
1970-01-01 00:11:21.943072,22.9109408,120.3130813,100258.0,135.976,4999.999999999999,20.0,296.98187941828996,0.010212832391342842,2.5795071282132644,19.804407435879888
1970-01-01 00:11:22.483231,22.9109631,120.3130507,100274.0,135.767,4999.999999999999,20.0,296.9827027436411,0.01021279452119574,2.5795071282132644,19.804317046267343
1970-01-01 00:11:22.915216,22.910987,120.3130231,100273.0,135.714,4999.999999999999,20.0,296.9835219264345,0.010212771939216119,2.5795071282132644,19.80423726061996
1970-01-01 00:11:23.347187,22.9110053,120.3129894,100270.0,135.553,4999.999999999999,20.0,296.98430063171463,0.010212710753150469,5.172470228340899,19.804134859087153
1970-01-01 00:11:23.455274,22.9110053,120.3129894,100271.0,135.553,4999.999999999999,20.0,296.98430063171463,0.010212710753150469,5.172470228340899,19.804134859087153
1970-01-01 00:11:23.887388,22.9110121,120.3129459,100275.0,135.631,4999.999999999999,20.0,296.9849638521402,0.010212579935492513,5.172470228340899,19.803994996887425
1970-01-01 00:11:24.945915,22.9109783,120.3128449,100277.0,136.063,4999.999999999999,20.0,296.9854981980178,0.01021212396528173,9.503021738044517,19.803647742170778
1970-01-01 00:11:25.507491,22.9109466,120.3127959,100279.0,135.967,4999.999999999999,58.76297913701906,296.98544832253634,0.010211856057358939,14.517032252996195,19.803472390222602
1970-01-01 00:11:25.939534,22.9109109,120.3127479,100286.0,135.695,4999.999999999999,20.0,296.9853063417406,0.010211579615384703,3.786001669136435,19.803298575433065
1970-01-01 00:11:26.479814,22.9108756,120.3126997,100302.0,134.99,4999.999999999999,20.0,296.9851759030514,0.010211303946425583,1.3255962764315172,19.803124367909636
1970-01-01 00:11:26.911794,22.9108461,120.3126498,100312.0,133.655,4999.999999999999,50.91502738549215,296.98518428897614,0.010211040317878246,12.819423071040173,19.802947309175806
1970-01-01 00:11:27.343797,22.9108304,120.3125978,100291.0,131.916,4999.999999999999,50.91502738549215,296.98549765176176,0.010210811679173162,12.819423071040173,19.802769726734027
1970-01-01 00:11:27.883804,22.9108332,120.3125466,100306.0,130.731,4999.999999999999,77.10824300890782,296.9861750230332,0.0102106422729185,13.940375480859835,19.802603244728928
1970-01-01 00:11:28.855852,22.9108567,120.3124476,100328.0,129.836,4999.999999999999,77.10824300890782,296.9878488691654,0.010210369597918646,13.940375480859835,19.80228969116316
1970-01-01 00:11:29.503908,22.9108663,120.3123966,100337.0,129.245,4999.999999999999,20.0,296.9886601624846,0.010210221394111527,2.9413166788061873,19.802127094964817
1970-01-01 00:11:29.935922,22.910868,120.3123411,100337.0,128.85,4999.999999999999,20.0,296.9893667819473,0.010210033526333524,2.9413166788061873,19.801946249576794
1970-01-01 00:11:30.346436,22.9108541,120.3122806,100338.664,128.692,4999.999999999999,20.0,296.98982045032983,0.010209781047956246,4.579857282228539,19.801742069833434
1970-01-01 00:11:30.476047,22.9108541,120.3122806,100337.0,128.692,4999.999999999999,20.0,296.98982045032983,0.010209781047956246,4.579857282228539,19.801742069833434
1970-01-01 00:11:30.908008,22.9108226,120.3122202,100343.0,128.635,4999.999999999999,106.75817564071433,296.9899200758354,0.01020947585557655,13.199131631520086,19.80153037068805
1970-01-01 00:11:31.339908,22.9107799,120.3121635,100343.0,128.431,4999.999999999999,63.49646271047641,296.98975127468157,0.010209149986822881,14.666007006843014,19.801325824997303
1970-01-01 00:11:31.879910,22.9107336,120.3121089,100360.0,127.937,4999.999999999999,20.0,296.9894862530726,0.01020882090049217,3.271159733777245,19.80112662830433
1970-01-01 00:11:32.938637,22.9106593,120.3119935,100359.164,124.89,4999.999999999999,76.8632503683389,296.98940245430947,0.010208197355013784,13.928566368661771,19.800716562325082
1970-01-01 00:11:33.500173,22.9106496,120.3119322,100392.0,123.53,4999.999999999999,20.0,296.98995507728387,0.010207955965744569,10.65263313825716,19.8005122791483
1970-01-01 00:11:33.932173,22.9106469,120.3118721,100401.0,123.066,4999.999999999999,20.0,296.9906332357144,0.010207739792827618,10.65263313825716,19.800315138276694
1970-01-01 00:11:34.472280,22.9106363,120.3118098,100396.0,122.743,4999.999999999999,20.0,296.9911806693949,0.010207492388390721,8.34058065054877,19.800107374787157
1970-01-01 00:11:34.904444,22.9106115,120.3117461,100411.0,122.642,4999.999999999999,108.8782410577284,296.9914625116192,0.010207197809225134,13.59763655482803,19.799888799852848
1970-01-01 00:11:35.336458,22.9105809,120.3116835,100412.0,122.251,4999.999999999999,20.0,296.99161638098803,0.01020688995819903,4.904281137950123,19.79967133200933
1970-01-01 00:11:35.876412,22.9105538,120.31162,100415.0,121.259,4999.999999999999,20.0,296.9918520267531,0.01020658969794061,8.366441449858485,19.79945261764936
1970-01-01 00:11:36.945840,22.9105636,120.3115022,100429.29,118.683,4999.999999999999,117.95144515259402,296.99348497645315,0.010206211762030957,13.146048608968453,19.7990739239176
1970-01-01 00:11:37.496616,22.9106017,120.3114643,100437.0,118.558,4999.999999999999,117.95144515259402,296.9947038454209,0.010206193835282042,13.146048608968453,19.798967681025818
1970-01-01 00:11:37.928613,22.9106467,120.3114378,100446.0,118.808,4999.999999999999,117.95144515259402,296.9959198471741,0.010206235624824665,13.146048608968453,19.79890155141144
1970-01-01 00:11:38.339004,22.9106905,120.3114108,100437.836,119.096,4999.999999999999,20.0,296.9971174165345,0.010206271954077424,8.366441449858485,19.798833253441288
1970-01-01 00:11:38.468620,22.9106905,120.3114108,100445.0,119.096,4999.999999999999,20.0,296.9971174165345,0.010206271954077424,8.366441449858485,19.798833253441288
1970-01-01 00:11:38.900586,22.9107267,120.3113722,100429.0,119.527,4999.999999999999,117.95144515259402,296.9983046408246,0.010206245378498286,13.146048608968453,19.79872388200865
1970-01-01 00:11:39.332588,22.9107451,120.3113342,100419.0,119.912,4999.999999999999,117.95144515259402,296.99913113013065,0.0102061680306824,13.146048608968453,19.79860857797162
1970-01-01 00:11:39.872796,22.9107577,120.3112609,100429.0,120.655,4999.999999999999,117.95144515259402,297.00027121333807,0.01020595094949614,13.146048608968453,19.79837608711293
1970-01-01 00:11:40.521011,22.9107561,120.3111994,100433.0,121.123,4999.999999999999,20.0,297.0009867167563,0.010205732825484162,6.510016048591106,19.798175723166036
1970-01-01 00:11:40.953010,22.9107541,120.3111372,100441.0,121.13,4999.999999999999,20.0,297.0017028840191,0.010205511109187243,10.058299185838067,19.797972995709504
1970-01-01 00:11:41.493114,22.9107573,120.3110754,100429.0,120.543,4999.999999999999,20.0,297.00251686952197,0.010205306083901858,10.058299185838067,19.797773942740275
1970-01-01 00:11:41.925101,22.9107732,120.3110187,100418.0,119.625,4999.999999999999,20.0,297.0035191553685,0.010205156007993137,7.27039333642538,19.797597090284892
1970-01-01 00:11:42.346280,22.9108066,120.3109759,100408.86,119.197,4999.999999999999,20.0,297.0046969416959,0.010205105383020007,7.27039333642538,19.79747303304466
1970-01-01 00:11:42.465220,22.9108066,120.3109759,100435.0,119.197,4999.999999999999,20.0,297.0046969416959,0.010205105383020007,7.27039333642538,19.79747303304466
1970-01-01 00:11:42.897247,22.9108526,120.3109525,100419.0,119.617,4999.999999999999,20.0,297.00588681702527,0.010205158912012827,10.058299185838067,19.797417396057813
1970-01-01 00:11:43.329219,22.9109008,120.3109372,100441.0,119.822,4999.999999999999,20.0,297.0070213026665,0.010205246920548038,10.058299185838067,19.797388967307096
1970-01-01 00:11:43.869220,22.910951,120.3109227,100416.0,119.469,4999.999999999999,20.0,297.00818504265055,0.010205343467143906,10.058299185838067,19.79736399613628
1970-01-01 00:11:44.949585,22.9110549,120.3108881,100422.0,118.948,4999.999999999999,20.0,297.0106476077293,0.01020552693730704,6.510016048591106,19.797297391345598
1970-01-01 00:11:45.489485,22.9111089,120.3108714,100419.0,118.558,4999.999999999999,20.0,297.0119111763953,0.010205626571622765,6.510016048591106,19.79726690858748
1970-01-01 00:11:45.921798,22.9111662,120.3108641,100405.0,117.955,4999.999999999999,117.95144515259402,297.01312605640896,0.010205768618435977,13.146048608968453,19.79726833117761
1970-01-01 00:11:46.353801,22.9112258,120.3108772,100412.0,117.525,4999.999999999999,20.0,297.01414095976685,0.01020598880443848,8.366441449858485,19.797336904780476
1970-01-01 00:11:46.893790,22.9112841,120.3109106,100420.0,117.741,4999.999999999999,20.0,297.0148873556392,0.010206276507884752,8.366441449858485,19.797470780218017
1970-01-01 00:11:47.325835,22.9113413,120.3109492,100435.0,118.36,4999.999999999999,20.0,297.0155510034317,0.01020657953026907,4.904281137950123,19.79762110677839
1970-01-01 00:11:47.865814,22.9113997,120.3109831,100419.0,118.971,4999.999999999999,108.8782410577284,297.01629581615316,0.010206869863827645,13.59763655482803,19.797756765733777
1970-01-01 00:11:48.513786,22.9114594,120.3110057,100403.0,119.439,4999.999999999999,20.0,297.01720234042693,0.01020712451674723,8.34058065054877,19.79785634466115
1970-01-01 00:11:48.945821,22.9115183,120.311008,100416.0,120.008,4999.999999999999,20.0,297.01833587117966,0.01020730546380063,10.65263313825716,19.797889646496312
1970-01-01 00:11:49.485807,22.9115717,120.3109903,100400.0,120.706,4999.999999999999,20.0,297.0195991392777,0.01020739971871646,10.65263313825716,19.797855549286087
1970-01-01 00:11:49.917796,22.9116203,120.3109621,100407.0,120.967,4999.999999999999,20.0,297.02089210978653,0.010207442677753094,10.65263313825716,19.797785219313322
1970-01-01 00:11:50.349906,22.9116686,120.3109326,100401.0,120.643,4999.999999999999,76.8632503683389,297.02219378545647,0.01020747996494508,13.928566368661771,19.79771052144101
1970-01-01 00:11:50.457938,22.9116686,120.3109326,100410.0,120.643,4999.999999999999,76.8632503683389,297.02219378545647,0.01020747996494508,13.928566368661771,19.79771052144101
1970-01-01 00:11:50.889908,22.9117202,120.3109082,100398.0,120.189,4999.999999999999,76.8632503683389,297.0234990659832,0.010207544756633229,13.928566368661771,19.797653820939257
1970-01-01 00:11:51.321933,22.9117775,120.3108993,100385.0,119.839,4999.999999999999,76.8632503683389,297.02473218421335,0.010207680965053634,13.928566368661771,19.79764995053012
1970-01-01 00:11:51.948605,22.9118375,120.3109121,100388.5,119.882,4999.999999999999,42.695599919547625,297.02576154886276,0.010207901983970563,12.73155978932457,19.797717761064202
1970-01-01 00:11:52.510165,22.9118955,120.3109459,100395.0,120.373,4999.999999999999,20.0,297.0265040753188,0.010208191843174952,3.271159733777245,19.797852977428004
1970-01-01 00:11:52.942190,22.9119496,120.3109945,100391.0,120.646,4999.999999999999,63.49646271047641,297.02699645206917,0.010208523170717066,14.666007006843014,19.798034681020322
1970-01-01 00:11:53.482456,22.9119977,120.311057,100392.0,120.475,4999.999999999999,106.75817564071433,297.02720840372626,0.010208886724854777,13.199131631520086,19.798259088476378
1970-01-01 00:11:53.914423,22.9120354,120.3111339,100395.0,120.264,4999.999999999999,20.0,297.0270474182484,0.010209271397742907,4.579857282228539,19.79852596446349
1970-01-01 00:11:54.346640,22.9120616,120.3112223,100393.0,119.954,4999.999999999999,20.0,297.02652560229484,0.010209663553993973,2.9413166788061873,19.798825442272328
1970-01-01 00:11:54.886602,22.912078,120.3113183,100402.0,119.577,4999.999999999999,77.10824300890782,297.0257218093834,0.010210054163629965,13.940375480859835,19.799145600363822
1970-01-01 00:11:55.858821,22.9120965,120.311516,100412.0,119.773,4999.999999999999,20.0,297.0237660853177,0.010210813907669935,3.786001669136435,19.799798896079313
1970-01-01 00:11:56.507002,22.9121085,120.311611,100422.0,119.945,4999.999999999999,58.76297913701906,297.02288896337245,0.010211188433675106,14.517032252996195,19.800114527411274
1970-01-01 00:11:56.939005,22.912122,120.3117034,100411.0,119.786,4999.999999999999,20.0,297.0220729280174,0.010211558323746948,9.503021738044517,19.800422541619273
1970-01-01 00:11:57.349458,22.9121347,120.3117953,100414.336,119.587,4999.999999999999,20.0,297.0212475519211,0.010211924215594612,5.172470228340899,19.800728773724114
1970-01-01 00:11:57.479009,22.9121347,120.3117953,100427.0,119.587,4999.999999999999,20.0,297.0212475519211,0.010211924215594612,5.172470228340899,19.800728773724114
1970-01-01 00:11:57.911008,22.9121439,120.3118883,100422.0,119.327,4999.999999999999,20.0,297.02034005874157,0.01021228370942243,2.5795071282132644,19.80103725350191
1970-01-01 00:11:58.343054,22.912145,120.3119847,100426.0,118.706,4999.999999999999,78.58573653668478,297.01923116224395,0.010212631126200203,14.722535063015306,19.801353459333185
1970-01-01 00:11:58.883121,22.9121292,120.3120852,100423.0,117.925,4999.999999999999,20.0,297.0177356368482,0.010212942291003411,3.5067881593771304,19.801675745959535
1970-01-01 00:11:59.941490,22.9120376,120.3122788,100439.664,117.076,4999.999999999999,20.0,297.01362301909717,0.010213355989122614,1.4302738335339789,19.802269623475464
1970-01-01 00:12:00.503075,22.9119692,120.3123634,100453.0,116.992,4999.999999999999,20.0,297.0112516982051,0.01021344994291903,1.4302738335339789,19.802516500014274
1970-01-01 00:12:00.935085,22.9118905,120.312437,100439.0,116.852,4999.999999999999,20.0,297.0087992897901,0.01021347270724347,1.4302738335339789,19.802722642572046
1970-01-01 00:12:01.475102,22.911801,120.3124951,100447.0,116.786,4999.999999999999,20.0,297.0063090664353,0.010213406831959886,3.5067881593771304,19.80287299264204
1970-01-01 00:12:01.907108,22.9117038,120.3125363,100449.0,116.749,4999.999999999999,20.0,297.0038608550159,0.010213256965707546,3.5067881593771304,19.80296431383811
1970-01-01 00:12:02.339169,22.9116039,120.3125614,100441.0,116.745,4999.999999999999,78.58573653668478,297.00154722900635,0.010213041449767046,14.722535063015306,19.80300148715019
1970-01-01 00:12:02.879171,22.9115047,120.3125705,100455.0,116.904,4999.999999999999,20.0,296.99943700347274,0.010212771328006066,2.5795071282132644,19.80298639870167
1970-01-01 00:12:03.948602,22.9113191,120.3125462,100453.43,116.827,4999.999999999999,20.0,296.99598244546667,0.01021212052201049,9.503021738044517,19.80282249291198
1970-01-01 00:12:04.499574,22.9112367,120.3125145,100455.0,116.742,4999.999999999999,58.76297913701906,296.99470064178644,0.010211758510721522,14.517032252996195,19.8026811621578
1970-01-01 00:12:04.931539,22.911163,120.3124726,100465.0,116.714,4999.999999999999,20.0,296.99371842923506,0.010211387636680763,3.786001669136435,19.80251040319556
1970-01-01 00:12:05.341967,22.9110991,120.3124228,100467.0,116.57,4999.999999999999,20.0,296.9930306019676,0.01021101936055716,1.3255962764315172,19.802318290487154
1970-01-01 00:12:05.471569,22.9110991,120.3124228,100464.0,116.57,4999.999999999999,20.0,296.9930306019676,0.01021101936055716,1.3255962764315172,19.802318290487154
1970-01-01 00:12:05.903797,22.9110411,120.3123689,100476.0,116.115,4999.999999999999,50.91502738549215,296.992512868615,0.010210655124091342,12.819423071040173,19.802115530748782
1970-01-01 00:12:06.335924,22.910983,120.3123137,100464.0,115.566,4999.999999999999,20.0,296.992010711327,0.010210286501915213,2.9413166788061873,19.801908589031594
1970-01-01 00:12:06.876030,22.9109175,120.3122618,100472.0,115.304,4999.999999999999,20.0,296.99132190564876,0.010209907448400272,4.579857282228539,19.80170922064652
1970-01-01 00:12:07.934634,22.9107695,120.3121703,100481.164,115.328,4999.999999999999,63.49646271047641,296.9894600765698,0.010209142205144836,14.666007006843014,19.801343352120732
1970-01-01 00:12:08.496191,22.9106987,120.3121204,100476.0,114.866,4999.999999999999,20.0,296.98864685943795,0.010208755577766317,3.271159733777245,19.80114845907335
1970-01-01 00:12:08.928180,22.9106346,120.3120647,100489.0,114.677,4999.999999999999,76.8632503683389,296.9880406519214,0.010208369556724991,13.928566368661771,19.800937766228547
1970-01-01 00:12:09.349394,22.910572,120.3120105,100490.57,114.988,4999.999999999999,20.0,296.98744830532024,0.010207993743588249,10.65263313825716,19.80073276863956
1970-01-01 00:12:09.468288,22.910572,120.3120105,100486.0,114.988,4999.999999999999,20.0,296.98744830532024,0.010207993743588249,10.65263313825716,19.80073276863956
1970-01-01 00:12:09.900287,22.9105067,120.3119621,100498.0,115.362,4999.999999999999,20.0,296.9867331107451,0.010207630332077187,8.34058065054877,19.800545587207658
1970-01-01 00:12:10.332317,22.9104393,120.3119184,100488.0,115.3,4999.999999999999,108.8782410577284,296.98592030427847,0.010207277276934493,13.59763655482803,19.80037288069171
1970-01-01 00:12:10.872587,22.9103725,120.3118755,100488.0,115.028,4999.999999999999,20.0,296.98511144220765,0.010206929197053422,4.904281137950123,19.800203138322566
1970-01-01 00:12:11.952586,22.9102493,120.3117821,100507.0,113.756,4999.999999999999,117.95144515259402,296.9837998264462,0.010206239282385496,13.146048608968453,19.799843845598506
1970-01-01 00:12:12.492591,22.9101997,120.3117281,100514.0,112.398,4999.999999999999,20.0,296.9834756863048,0.01020590574935673,6.510016048591106,19.79964597486417
1970-01-01 00:12:12.924581,22.9101672,120.3116693,100518.0,111.458,4999.999999999999,20.0,296.9835528124895,0.010205607149360234,10.058299185838067,19.799440259603468
1970-01-01 00:12:13.335012,22.9101547,120.311614,100525.836,111.807,4999.999999999999,20.0,296.98398578322406,0.010205380375899513,7.27039333642538,19.799254959384463
1970-01-01 00:12:13.896641,22.9101563,120.3115673,100529.0,112.677,4999.999999999999,20.0,296.9845934002891,0.010205225108642172,7.27039333642538,19.799103962922846
1970-01-01 00:12:14.328703,22.9101656,120.3115289,100533.0,113.243,4999.999999999999,20.0,296.9852516244529,0.010205121159050912,6.006425300113459,19.798983397795677
1970-01-01 00:12:14.868706,22.9101786,120.3114937,100511.0,113.156,4999.999999999999,20.0,296.9859436692641,0.010205039115501444,6.006425300113459,19.798874895714107
1970-01-01 00:12:15.516762,22.9101962,120.311454,100477.0,112.843,4999.999999999999,20.0,296.98678216227006,0.01020495522083564,6.006425300113459,19.798753852143076
1970-01-01 00:12:15.948791,22.9102203,120.311407,100479.0,112.927,4999.999999999999,20.0,296.98783901667883,0.010204865441315904,6.006425300113459,19.798612029054667
1970-01-01 00:12:16.488797,22.9102484,120.3113557,100486.0,113.414,4999.999999999999,20.0,296.989027355306,0.010204772574970863,6.006425300113459,19.798458057272313
1970-01-01 00:12:16.920823,22.910277,120.3112996,100471.0,113.929,4999.999999999999,20.0,296.99028373370777,0.010204664489104488,1.2749007733663873,19.798288767275746
1970-01-01 00:12:17.352782,22.9103065,120.3112368,100463.0,114.419,4999.999999999999,20.0,296.9916392550109,0.01020453579710976,1.2749007733663873,19.79809818851566
1970-01-01 00:12:17.460792,22.9103065,120.3112368,100435.0,114.419,4999.999999999999,20.0,296.9916392550109,0.01020453579710976,1.2749007733663873,19.79809818851566
1970-01-01 00:12:17.892775,22.9103383,120.3111697,100438.0,114.653,4999.999999999999,20.0,296.9930918931311,0.010204398824458429,1.2749007733663873,19.79789473889809
1970-01-01 00:12:18.325007,22.9103751,120.3111015,100455.0,114.663,4999.999999999999,88.44773856680122,296.99465543507733,0.010204272465564053,14.434415410555768,19.797689988564233
1970-01-01 00:12:18.951525,22.9104158,120.311035,100448.164,114.681,4999.999999999999,88.44773856680122,296.99627354224447,0.010204163055480497,14.434415410555768,19.79749251480802
1970-01-01 00:12:19.513220,22.9104576,120.3109682,100445.0,114.892,4999.999999999999,88.44773856680122,296.9979153612337,0.010204055446916,14.434415410555768,19.79729459574536
1970-01-01 00:12:19.945215,22.9104992,120.3109006,100447.0,115.086,4999.999999999999,20.0,296.9995613448651,0.010203944090561223,3.803910924680165,19.79709404028988
1970-01-01 00:12:20.485257,22.9105423,120.3108337,100440.0,114.901,4999.999999999999,20.0,297.00122657431297,0.010203839131390089,3.803910924680165,19.79689645077371
1970-01-01 00:12:20.917248,22.9105903,120.3107714,100441.0,114.505,4999.999999999999,20.0,297.00293018238165,0.010203763959481329,3.803910924680165,19.796715926799163
1970-01-01 00:12:21.349819,22.9106421,120.310713,100435.0,114.291,4999.999999999999,20.0,297.004659036279,0.010203712928584036,3.803910924680165,19.796549700971806
1970-01-01 00:12:21.889812,22.9106936,120.3106523,100434.0,114.444,4999.999999999999,20.0,297.0064081739275,0.01020365261975012,3.803910924680165,19.796375919180914
1970-01-01 00:12:22.321826,22.9107429,120.3105873,100424.0,114.71,4999.999999999999,20.0,297.00816459898226,0.01020357055479788,3.803910924680165,19.796187294485723
1970-01-01 00:12:22.861907,22.9107905,120.3105194,100428.0,114.745,4999.999999999999,20.0,297.00992103690584,0.01020347302990765,3.803910924680165,19.795988585081737
1970-01-01 00:12:23.509907,22.9108391,120.3104499,100418.0,114.537,4999.999999999999,20.0,297.0117144716356,0.01020337237384123,9.979071331707637,19.79578517593531
1970-01-01 00:12:23.942008,22.9108906,120.3103796,100411.0,114.334,4999.999999999999,20.0,297.0135721748253,0.01020327682843255,9.979071331707637,19.795580477176546
1970-01-01 00:12:24.352412,22.9109434,120.3103072,100408.336,114.434,4999.999999999999,20.0,297.0154784446098,0.010203177197474905,9.979071331707637,19.795369595108422
1970-01-01 00:12:24.481968,22.9109434,120.3103072,100396.0,114.434,4999.999999999999,20.0,297.0154784446098,0.010203177197474905,9.979071331707637,19.795369595108422
1970-01-01 00:12:24.914220,22.9109953,120.3102311,100407.0,114.693,4999.999999999999,20.0,297.0174095678968,0.010203061523776384,9.979071331707637,19.795146419222853
1970-01-01 00:12:25.346210,22.9110454,120.3101515,100401.0,114.919,4999.999999999999,100.83923367551473,297.0193455127654,0.010202927893072809,13.161211580334395,19.794911221410565
1970-01-01 00:12:25.886600,22.9110947,120.3100696,100384.0,115.19,4999.999999999999,100.83923367551473,297.0212912221355,0.01020278335866543,13.161211580334395,19.794668318971375
1970-01-01 00:12:26.945039,22.9111983,120.3099077,100388.0,114.805,4999.999999999999,100.83923367551473,297.02524941735044,0.010202513479686625,13.161211580334395,19.794190968679985
1970-01-01 00:12:27.506598,22.9112591,120.3098345,100381.0,114.438,4999.999999999999,20.0,297.02730594868217,0.010202430456158592,2.104955837890911,19.793981190078533
1970-01-01 00:12:27.938590,22.9113289,120.3097723,100399.0,114.258,4999.999999999999,100.83923367551473,297.0294020822722,0.010202411020391072,13.161211580334395,19.793810700502544
1970-01-01 00:12:28.478731,22.9114062,120.3097224,100388.0,114.216,4999.999999999999,100.83923367551473,297.03149348074373,0.010202455525559692,13.161211580334395,19.793683004129402
1970-01-01 00:12:28.910797,22.9114898,120.309686,100389.0,114.281,4999.999999999999,100.83923367551473,297.03354317523906,0.01020256491560461,13.161211580334395,19.7936014270749
1970-01-01 00:12:29.342851,22.911578,120.3096637,100392.0,114.366,4999.999999999999,20.0,297.0355120157459,0.010202736677124194,9.979071331707637,19.793567168806742
1970-01-01 00:12:29.882797,22.9116696,120.3096561,100384.0,114.53,4999.999999999999,20.0,297.0373707430089,0.010202969772434341,3.803910924680165,19.79358166140354
1970-01-01 00:12:30.854798,22.9118557,120.3096904,100375.0,114.519,4999.999999999999,20.0,297.04055791479857,0.010203619559824517,1.2749007733663873,19.793771333713526
1970-01-01 00:12:31.503002,22.9119453,120.309736,100388.0,114.345,4999.999999999999,20.0,297.04175083088506,0.01020403614511326,6.006425300113459,19.79395648695945
1970-01-01 00:12:31.935032,22.9120283,120.3098012,100378.0,114.255,4999.999999999999,20.0,297.0425879320884,0.01020450433225165,10.058299185838067,19.794202194411163
1970-01-01 00:12:32.345412,22.912102,120.3098842,100388.164,114.19,4999.999999999999,20.0,297.0430391292996,0.010205010253372861,6.510016048591106,19.794501610214912
1970-01-01 00:12:32.475052,22.912102,120.3098842,100397.0,114.19,4999.999999999999,20.0,297.0430391292996,0.010205010253372861,6.510016048591106,19.794501610214912
1970-01-01 00:12:32.907004,22.912164,120.3099831,100391.0,113.986,4999.999999999999,20.0,297.04308062018333,0.010205540373112445,8.366441449858485,19.794847681310504
1970-01-01 00:12:33.339072,22.9122106,120.3100976,100394.0,113.757,4999.999999999999,108.8782410577284,297.0426438455665,0.010206082966003557,13.59763655482803,19.795237953092478
1970-01-01 00:12:33.879088,22.9122403,120.3102243,100393.0,113.689,4999.999999999999,20.0,297.0417384432879,0.010206621330549743,8.34058065054877,19.795660859421805
1970-01-01 00:12:34.937490,22.912247,120.3104985,100386.0,113.853,4999.999999999999,42.695599919547625,297.0386606993615,0.010207621436632307,12.73155978932457,19.79655264568881
1970-01-01 00:12:35.499128,22.912223,120.3106404,100378.0,113.968,4999.999999999999,20.0,297.03653001102793,0.010208059219625658,3.271159733777245,19.797002892259343
1970-01-01 00:12:35.931099,22.9121856,120.3107814,100381.0,114.218,4999.999999999999,63.49646271047641,297.03414460062515,0.010208454191071636,14.666007006843014,19.797444753267566
1970-01-01 00:12:36.471006,22.9121427,120.310921,100362.0,114.518,4999.999999999999,106.75817564071433,297.03166417104114,0.010208827300734758,13.199131631520086,19.797879986335676
1970-01-01 00:12:36.903029,22.9121002,120.3110637,100364.0,114.577,4999.999999999999,20.0,297.0291516197476,0.01020921178128716,4.579857282228539,19.79832579110148
1970-01-01 00:12:37.335231,22.9120599,120.3112153,100324.0,114.063,4999.999999999999,20.0,297.0265742801052,0.010209633593836365,2.9413166788061873,19.798801884851233
1970-01-01 00:12:37.875242,22.9120243,120.3113744,100344.0,113.864,4999.999999999999,77.10824300890782,297.0239981582705,0.010210095150175076,13.940375480859835,19.799304892204766
1970-01-01 00:12:38.944698,22.9119645,120.3117038,100313.57,115.098,4999.999999999999,20.0,297.0189307475348,0.010211089672169,3.786001669136435,19.80035389399681
1970-01-01 00:12:39.495581,22.9119381,120.3118719,100324.0,115.83,4999.999999999999,20.0,297.01642239443083,0.010211608445767817,9.503021738044517,19.80089182215476
1970-01-01 00:12:39.927602,22.9119131,120.3120412,100329.0,116.155,4999.999999999999,20.0,297.01392523972686,0.010212135057611042,5.172470228340899,19.801434837756414
1970-01-01 00:12:40.338189,22.9118906,120.3121956,100366.164,116.809,4999.999999999999,20.0,297.01165165304405,0.010212615697653572,2.5795071282132644,19.80193067202776
1970-01-01 00:12:40.467818,22.9118906,120.3121956,100394.0,116.809,4999.999999999999,20.0,297.01165165304405,0.010212615697653572,2.5795071282132644,19.80193067202776
1970-01-01 00:12:40.899856,22.911874,120.312334,100389.0,117.313,4999.999999999999,20.0,297.00968365515155,0.010213056918051721,3.5067881593771304,19.80237711810923
1970-01-01 00:12:41.331822,22.9118615,120.3124733,100383.0,116.933,4999.999999999999,20.0,297.0077862623375,0.010213513466099083,1.4302738335339789,19.802828747486142
1970-01-01 00:12:41.871800,22.9118518,120.3126098,100391.0,116.605,4999.999999999999,20.0,297.00597745871147,0.01021396836754316,8.55613247336189,19.803272833962886
1970-01-01 00:12:42.519907,22.9118426,120.3127428,100404.0,116.505,4999.999999999999,20.0,297.0042193523825,0.010214412190584124,3.7762341315163854,19.803706016504016
1970-01-01 00:12:42.951907,22.9118319,120.3128728,100400.0,116.285,4999.999999999999,108.95478704071878,297.00246557545995,0.010214840592935813,12.602078838173943,19.804129002510003
1970-01-01 00:12:43.492011,22.9118176,120.3130004,100413.0,115.932,4999.999999999999,20.0,297.00066623097473,0.010215249203934525,3.5953176206476574,19.804542779371804
1970-01-01 00:12:43.924013,22.911793,120.3131261,100391.0,115.901,4999.999999999999,20.0,296.99867868232934,0.010215619022741835,4.188080074516505,19.8049458936665
1970-01-01 00:12:44.345247,22.9117522,120.3132474,100396.86,116.862,4999.999999999999,20.0,296.9964111495466,0.010215922661974654,4.188080074516505,19.805327331833702
1970-01-01 00:12:44.464017,22.9117522,120.3132474,100395.0,116.862,4999.999999999999,20.0,296.9964111495466,0.010215922661974654,4.188080074516505,19.805327331833702
1970-01-01 00:12:44.896006,22.911692,120.3133588,100393.0,118.429,4999.999999999999,20.0,296.99386194619944,0.010216130349851674,9.834699163025478,19.805667369308235
1970-01-01 00:12:45.327911,22.9116126,120.3134571,100388.0,119.823,4999.999999999999,20.0,296.9910718010083,0.01021623107053906,9.834699163025478,19.805955404283825
1970-01-01 00:12:45.868071,22.911523,120.3135418,100411.0,121.038,4999.999999999999,20.0,296.9882301725489,0.010216250929393168,9.834699163025478,19.806193831652013
1970-01-01 00:12:46.516381,22.9114321,120.3136196,100377.0,122.017,4999.999999999999,20.0,296.98543975181155,0.010216241360613188,9.834699163025478,19.80640885039419
1970-01-01 00:12:46.948400,22.9113448,120.3136964,100372.0,122.739,4999.999999999999,20.0,296.9827309201886,0.010216238523714722,9.834699163025478,19.80662222049366
1970-01-01 00:12:47.488583,22.9112601,120.3137711,100373.0,123.224,4999.999999999999,20.0,296.9800966601543,0.010216235507136493,9.834699163025478,19.806829846171944
1970-01-01 00:12:47.920578,22.9111742,120.3138393,100372.0,123.597,4999.999999999999,20.0,296.977512064406,0.010216205065475633,9.834699163025478,19.80701540415583
1970-01-01 00:12:48.352583,22.9110836,120.3138965,100376.0,123.869,4999.999999999999,20.0,296.9749597539261,0.010216120582236764,4.188080074516505,19.80716235835808
1970-01-01 00:12:48.892558,22.9109889,120.3139411,100386.0,124.384,4999.999999999999,20.0,296.97247206863045,0.010215978522956602,4.188080074516505,19.807265673284235
1970-01-01 00:12:49.324581,22.9108935,120.3139774,100381.0,125.106,4999.999999999999,20.0,296.97006790959387,0.010215804770560274,3.5953176206476574,19.807341153302055
1970-01-01 00:12:49.864583,22.9107994,120.3140087,100377.0,125.713,4999.999999999999,20.0,296.9677491464354,0.010215617251198753,3.5953176206476574,19.80740065209979
1970-01-01 00:12:50.512771,22.9107061,120.3140359,100372.0,126.045,4999.999999999999,108.95478704071878,296.96549498198567,0.010215417618682889,12.602078838173943,19.807446916975284
1970-01-01 00:12:50.944783,22.9106125,120.3140546,100364.0,126.224,4999.999999999999,20.0,296.9633367347112,0.01021518726871552,5.207936440728593,19.8074648852521
1970-01-01 00:12:51.485012,22.910519,120.3140614,100351.0,126.195,4999.999999999999,20.0,296.96132491942456,0.010214915893499607,3.7762341315163854,19.80744351472416
1970-01-01 00:12:51.917039,22.910428,120.314053,100359.0,126.222,4999.999999999999,20.0,296.95955046716904,0.010214599928849478,8.55613247336189,19.807373050247584
1970-01-01 00:12:52.349006,22.9103415,120.3140307,100371.0,126.222,4999.999999999999,20.0,296.9580398926814,0.010214250443970658,1.4302738335339789,19.80725877332082
1970-01-01 00:12:52.456979,22.9103415,120.3140307,100363.0,126.222,4999.999999999999,20.0,296.9580398926814,0.010214250443970658,1.4302738335339789,19.80725877332082
1970-01-01 00:12:52.889042,22.9102605,120.3139979,100364.0,126.057,4999.999999999999,20.0,296.95677298709984,0.010213882502231549,3.5067881593771304,19.80711243473457
1970-01-01 00:12:53.321004,22.9101856,120.3139575,100375.0,125.801,4999.999999999999,78.58573653668478,296.95572698417254,0.010213508079746202,14.722535063015306,19.806943931993956
1970-01-01 00:12:53.947421,22.9101181,120.3139107,100367.5,125.466,4999.999999999999,20.0,296.9549141257586,0.01021313544101089,2.5795071282132644,19.806757864523757
1970-01-01 00:12:54.509051,22.9100595,120.3138581,100387.0,125.082,4999.999999999999,20.0,296.9543579270454,0.010212771365459169,5.172470228340899,19.806556937248786
1970-01-01 00:12:54.941014,22.9100096,120.3138026,100404.0,124.522,4999.999999999999,20.0,296.95401827841727,0.010212425105604876,9.503021738044517,19.80635063339951
1970-01-01 00:12:55.481024,22.9099643,120.3137476,100416.0,123.698,4999.999999999999,58.76297913701906,296.9537685660913,0.010212095354814434,14.517032252996195,19.806148241376285
1970-01-01 00:12:55.913034,22.90992,120.313694,100409.0,122.257,4999.999999999999,20.0,296.95352351154224,0.010211773863334061,3.786001669136435,19.805951036045396
1970-01-01 00:12:56.345074,22.9098788,120.3136393,100432.0,121.455,4999.999999999999,20.0,296.9533571007996,0.010211458649168658,1.3255962764315172,19.805751760802828
1970-01-01 00:12:56.885403,22.9098434,120.3135847,100438.0,120.877,4999.999999999999,50.91502738549215,296.9533096260818,0.01021116219387415,12.819423071040173,19.805555621364704
1970-01-01 00:12:57.317412,22.9098186,120.3135311,100449.0,120.248,4999.999999999999,77.10824300890782,296.953467867125,0.010210902446807663,13.940375480859835,19.80536780159836
1970-01-01 00:12:57.857445,22.9098073,120.3134801,100466.0,119.672,4999.999999999999,20.0,296.9538707117499,0.010210693748140435,2.9413166788061873,19.80519488912164
1970-01-01 00:12:58.505413,22.9098059,120.3134334,100483.0,119.043,4999.999999999999,20.0,296.9544227865151,0.01021053053434546,2.9413166788061873,19.805040769838804
1970-01-01 00:12:58.937488,22.909809,120.3133896,100485.0,117.898,4999.999999999999,20.0,296.95503076345994,0.010210391170280116,4.579857282228539,19.80489831332917
1970-01-01 00:12:59.347907,22.9098143,120.3133458,100495.836,116.591,4999.999999999999,20.0,296.95568357098495,0.010210258612426627,4.579857282228539,19.804756916301955
1970-01-01 00:12:59.477496,22.9098143,120.3133458,100491.0,116.591,4999.999999999999,20.0,296.95568357098495,0.010210258612426627,4.579857282228539,19.804756916301955
1970-01-01 00:12:59.909631,22.90982,120.3133001,100502.0,115.822,4999.999999999999,20.0,296.95636801772287,0.010210120795954354,4.579857282228539,19.80460950479307
1970-01-01 00:13:00.341811,22.9098241,120.3132534,100514.0,115.24,4999.999999999999,106.75817564071433,296.9570321176616,0.010209974585446884,13.199131631520086,19.80445811221246
1970-01-01 00:13:00.881917,22.9098276,120.3132061,100526.0,114.134,4999.999999999999,106.75817564071433,296.9576913357132,0.010209824449941559,13.199131631520086,19.804304518199675
1970-01-01 00:13:01.941043,22.9098353,120.3131066,100559.5,111.103,4999.999999999999,63.49646271047641,296.95908460169005,0.010209509589209341,14.666007006843014,19.80398172506177
1970-01-01 00:13:02.502589,22.9098396,120.3130535,100574.0,109.389,4999.999999999999,20.0,296.95983183232164,0.010209342100777723,3.271159733777245,19.80380963176217
1970-01-01 00:13:02.934604,22.9098438,120.312998,100590.0,107.679,4999.999999999999,20.0,296.96060671094574,0.010209166101283433,3.271159733777245,19.803629686491266
1970-01-01 00:13:03.474696,22.9098478,120.31294,100606.0,106.207,4999.999999999999,42.695599919547625,296.96140844644685,0.010208980941939668,12.73155978932457,19.80344152439674
1970-01-01 00:13:03.906697,22.9098513,120.3128806,100625.0,104.856,4999.999999999999,42.695599919547625,296.96221729455306,0.010208789447755051,12.73155978932457,19.803248618728496
1970-01-01 00:13:04.338828,22.9098565,120.312821,100631.0,103.681,4999.999999999999,76.8632503683389,296.96306293805037,0.010208602452987724,13.928566368661771,19.8030559116555
1970-01-01 00:13:04.878794,22.909866,120.3127631,100644.0,102.082,4999.999999999999,76.8632503683389,296.96397431325795,0.010208434364454906,13.928566368661771,19.80287080760991
1970-01-01 00:13:05.948177,22.9099035,120.3126529,100674.29,99.718,4999.999999999999,20.0,296.9661003821092,0.010208173508419233,10.65263313825716,19.802527549327074
1970-01-01 00:13:06.499004,22.9099246,120.3125992,100699.0,99.398,4999.999999999999,20.0,296.9671925704158,0.010208054796774644,10.65263313825716,19.802361638501086
1970-01-01 00:13:06.931013,22.9099444,120.3125465,100696.0,98.014,4999.999999999999,20.0,296.9682454574938,0.010207935375273165,8.34058065054877,19.802198443955437
1970-01-01 00:13:07.341391,22.9099631,120.3124921,100702.836,96.267,4999.999999999999,20.0,296.96929660140745,0.010207806656314832,8.34058065054877,19.80202923617661
1970-01-01 00:13:07.471030,22.9099631,120.3124921,100697.0,96.267,4999.999999999999,20.0,296.96929660140745,0.010207806656314832,8.34058065054877,19.80202923617661
1970-01-01 00:13:07.903174,22.9099809,120.3124346,100747.0,94.945,4999.999999999999,20.0,296.9703673908508,0.010207664473492107,8.34058065054877,19.801849541431075
1970-01-01 00:13:08.335522,22.9099985,120.3123768,100761.0,93.271,4999.999999999999,108.8782410577284,296.97143725273475,0.010207520512352797,13.59763655482803,19.801668829289298
1970-01-01 00:13:08.875487,22.9100144,120.3123159,100793.0,89.771,4999.999999999999,108.8782410577284,296.9725106765016,0.010207360664500825,13.59763655482803,19.801477283830298
1970-01-01 00:13:09.933967,22.910045,120.3121887,100870.836,81.06,4999.999999999999,20.0,296.97469845405817,0.01020701846591835,4.904281137950123,19.80107623011441
1970-01-01 00:13:10.495632,22.9100615,120.31212,100931.0,76.358,4999.999999999999,20.0,296.975878547041,0.010206833332734401,8.366441449858485,19.800859727323434
1970-01-01 00:13:10.927806,22.9100779,120.3120483,100965.0,71.509,4999.999999999999,20.0,296.9770930145206,0.010206637472153626,8.366441449858485,19.80063348715048
1970-01-01 00:13:11.349084,22.9100952,120.3119714,100979.86,67.395,4999.999999999999,117.95144515259402,296.9783889856289,0.010206426349789645,13.146048608968453,19.800390808593104
1970-01-01 00:13:11.467907,22.9100952,120.3119714,100993.0,67.395,4999.999999999999,117.95144515259402,296.9783889856289,0.010206426349789645,13.146048608968453,19.800390808593104
1970-01-01 00:13:11.899908,22.9101123,120.3118903,101026.0,65.614,4999.999999999999,117.95144515259402,296.97973199992543,0.010206200057239245,13.146048608968453,19.80013447367011
1970-01-01 00:13:12.331906,22.910127,120.3118129,101058.0,64.753,4999.999999999999,20.0,296.9809806423485,0.010205979055563039,6.510016048591106,19.7998892158943
1970-01-01 00:13:12.871911,22.9101402,120.3117398,101078.0,63.112,4999.999999999999,20.0,296.98214566718093,0.010205768140373257,10.058299185838067,19.799657377539425
1970-01-01 00:13:13.519906,22.9101525,120.3116686,101089.0,60.876,4999.999999999999,20.0,296.983268764596,0.010205560913196209,10.058299185838067,19.799431410335657
1970-01-01 00:13:13.952199,22.9101645,120.3115977,101120.0,58.928,4999.999999999999,20.0,296.9843816702462,0.010205353695303279,7.27039333642538,19.79920637761785
1970-01-01 00:13:14.492193,22.9101749,120.311527,101145.0,57.424,4999.999999999999,20.0,296.9854598113982,0.010205142285728507,7.27039333642538,19.79898137431036
1970-01-01 00:13:14.924376,22.9101836,120.3114583,101155.0,56.399,4999.999999999999,20.0,296.9864791291413,0.010204932584417053,6.006425300113459,19.79876220103064
1970-01-01 00:13:15.334826,22.9101908,120.3113927,101155.0,55.816,4999.999999999999,20.0,296.9874301589176,0.010204728984956907,1.2749007733663873,19.79855251062521
1970-01-01 00:13:15.896416,22.9101944,120.3113306,101176.0,55.638,4999.999999999999,20.0,296.9882664854706,0.010204526673841682,1.2749007733663873,19.798352658239605
1970-01-01 00:13:16.328611,22.9101968,120.311273,101178.0,55.72,4999.999999999999,88.44773856680122,296.9890235021329,0.010204336220348699,14.434415410555768,19.798166942674467
1970-01-01 00:13:16.868595,22.9101972,120.3112185,101178.0,55.59,4999.999999999999,88.44773856680122,296.98970270518566,0.010204150480158772,14.434415410555768,19.797990457613402
1970-01-01 00:13:17.516700,22.9101951,120.3111652,101164.0,55.219,4999.999999999999,20.0,296.9903177184974,0.01020396148775189,3.803910924680165,19.797816818363316
1970-01-01 00:13:17.948694,22.9101939,120.3111096,101173.0,54.975,4999.999999999999,20.0,296.9909788991662,0.010203767271427612,3.803910924680165,19.797636191986335
1970-01-01 00:13:18.488788,22.9101948,120.3110525,101150.0,54.692,4999.999999999999,20.0,296.9917000193383,0.010203574089991861,9.979071331707637,19.79745170490659
1970-01-01 00:13:18.920910,22.910196,120.3109932,101164.0,54.496,4999.999999999999,100.83923367551473,296.99245411939296,0.010203374236018832,13.161211580334395,19.797260300586466
1970-01-01 00:13:19.342278,22.910198,120.3109316,101159.71,54.2,4999.999999999999,100.83923367551473,296.99325225667343,0.010203168826700602,13.161211580334395,19.797061883547048
1970-01-01 00:13:19.461067,22.910198,120.3109316,101182.0,54.2,4999.999999999999,100.83923367551473,296.99325225667343,0.010203168826700602,13.161211580334395,19.797061883547048
1970-01-01 00:13:19.893039,22.9102025,120.310869,101167.0,53.795,4999.999999999999,20.0,296.9941118094418,0.010202967281344595,2.104955837890911,19.796861412155017
1970-01-01 00:13:20.325093,22.9102086,120.310805,101164.0,53.545,4999.999999999999,20.0,296.9950198726866,0.010202765564947381,2.104955837890911,19.79665719791415
1970-01-01 00:13:20.951521,22.91021,120.3107372,101156.164,53.569,4999.999999999999,20.0,296.99588222688215,0.010202537053261213,8.19630914643555,19.796438728135133
1970-01-01 00:13:21.513211,22.9102043,120.3106666,101135.0,54.264,4999.999999999999,20.0,296.9966397804102,0.010202278260005877,7.8340059743468204,19.79620820692057
1970-01-01 00:13:21.945184,22.9101873,120.3105966,101110.0,55.645,4999.999999999999,61.25622139156445,296.9971688491204,0.010201988755114686,12.438170269260489,19.79597479866557
1970-01-01 00:13:22.485072,22.9101571,120.3105309,101111.0,57.591,4999.999999999999,32.636464268916434,296.99738734342094,0.010201675876144855,13.69673482066736,19.795749626938786
1970-01-01 00:13:22.917076,22.9101168,120.3104717,101095.0,59.769,4999.999999999999,20.0,296.9973293801774,0.010201356292218026,4.157128347855993,19.795541136305243
1970-01-01 00:13:23.349087,22.910067,120.3104196,101072.0,61.62,4999.999999999999,20.0,296.99699956922416,0.010201033863381136,1.1004447434369071,19.795351503779035
1970-01-01 00:13:23.889091,22.9100094,120.3103773,101064.0,63.268,4999.999999999999,20.0,296.99639781410104,0.010200722755529766,9.544041484210636,19.795190143175336
1970-01-01 00:13:24.321111,22.9099473,120.3103443,101045.0,64.916,4999.999999999999,20.0,296.99559448742406,0.010200430739264658,4.80950883879513,19.795056844711876
1970-01-01 00:13:24.861011,22.9098822,120.310319,101032.0,66.361,4999.999999999999,20.0,296.99463831745464,0.010200156598585444,4.80950883879513,19.794947077845286
1970-01-01 00:13:25.509077,22.9098142,120.3103022,101022.0,67.629,4999.999999999999,20.0,296.99352092405536,0.010199903251983219,9.508603569518579,19.794863434371294
1970-01-01 00:13:25.941079,22.9097441,120.3102973,101005.0,68.7,4999.999999999999,20.0,296.992215084337,0.010199684442522151,1.8211170176917322,19.794817173826196
1970-01-01 00:13:26.351557,22.9096757,120.3103061,100992.5,69.667,4999.999999999999,74.2827950679173,296.99077169867667,0.010199517058222186,14.27343538222847,19.794815711814493
1970-01-01 00:13:26.481272,22.9096757,120.3103061,100993.0,69.667,4999.999999999999,74.2827950679173,296.99077169867667,0.010199517058222186,14.27343538222847,19.794815711814493
1970-01-01 00:13:26.913222,22.9096119,120.3103282,100988.0,70.773,4999.999999999999,74.2827950679173,296.9892515013023,0.01019940791413003,14.27343538222847,19.79485900779101
1970-01-01 00:13:27.345424,22.9095543,120.3103606,100975.0,71.888,4999.999999999999,74.2827950679173,296.9877225774574,0.010199351319906918,14.27343538222847,19.794938110171646
1970-01-01 00:13:27.885390,22.9095022,120.3103995,100977.0,72.84,4999.999999999999,74.2827950679173,296.98621850254756,0.010199332323821262,14.27343538222847,19.795040502546343
1970-01-01 00:13:28.944226,22.9094069,120.3104853,100980.5,72.764,4999.999999999999,20.0,296.9832802609347,0.010199346220666436,9.079231041262585,19.795274890295516
1970-01-01 00:13:29.505802,22.9093631,120.3105332,100979.0,71.617,4999.999999999999,20.0,296.9818217856215,0.010199380743241698,9.079231041262585,19.795409857599402
1970-01-01 00:13:29.937801,22.9093232,120.3105874,100984.0,70.675,4999.999999999999,74.2827950679173,296.98035916469144,0.010199447501649727,14.27343538222847,19.795566821761746
1970-01-01 00:13:30.477907,22.9092861,120.3106446,100989.0,70.439,4999.999999999999,74.2827950679173,296.9789123505117,0.010199532185458663,14.27343538222847,19.795734695662016
1970-01-01 00:13:30.909908,22.9092512,120.3107037,100991.0,70.031,4999.999999999999,74.2827950679173,296.9774834773144,0.01019962935952316,14.27343538222847,19.795909685542107
1970-01-01 00:13:31.342103,22.9092185,120.3107651,100989.0,69.392,4999.999999999999,74.2827950679173,296.97606755793186,0.010199740381350582,14.27343538222847,19.796093089704982
1970-01-01 00:13:31.882199,22.9091864,120.3108292,100995.0,68.9,4999.999999999999,20.0,296.9746281463125,0.010199861931881358,1.8211170176917322,19.796285502969305
1970-01-01 00:13:32.951526,22.9091187,120.3109617,100994.29,68.722,4999.999999999999,20.0,296.9716223125391,0.01020010830218454,1.8211170176917322,19.79668279661811
1970-01-01 00:13:33.502487,22.9090871,120.3110295,100999.0,68.639,4999.999999999999,20.0,296.97014212517,0.010200242802617616,9.508603569518579,19.796887518563363
1970-01-01 00:13:33.934646,22.909058,120.3110978,101006.0,68.273,4999.999999999999,20.0,296.9687036633375,0.010200386021768114,9.508603569518579,19.797095021964267
1970-01-01 00:13:34.345207,22.9090299,120.3111667,101007.0,67.774,4999.999999999999,20.0,296.9672761628979,0.01020053390884668,9.508603569518579,19.797304970047822
1970-01-01 00:13:34.474802,22.9090299,120.3111667,100998.0,67.774,4999.999999999999,20.0,296.9672761628979,0.01020053390884668,9.508603569518579,19.797304970047822
1970-01-01 00:13:34.906819,22.9090024,120.3112356,101009.0,67.369,4999.999999999999,20.0,296.9658593649542,0.010200683288310732,4.80950883879513,19.797515251029047
1970-01-01 00:13:35.339001,22.9089772,120.3113029,101003.0,67.497,4999.999999999999,20.0,296.9645072624012,0.010200833846804671,4.80950883879513,19.79772145391697
1970-01-01 00:13:35.879001,22.9089557,120.3113674,101018.0,67.953,4999.999999999999,20.0,296.9632630078843,0.010200985762477117,9.544041484210636,19.797920323430542
1970-01-01 00:13:36.937406,22.9089293,120.3114866,101003.0,68.894,4999.999999999999,20.0,296.9612260875199,0.010201305574602654,1.1004447434369071,19.798293983124523
1970-01-01 00:13:37.499090,22.908927,120.3115389,101001.0,69.264,4999.999999999999,20.0,296.9605162399215,0.010201473349099903,1.1004447434369071,19.798462168011092
1970-01-01 00:13:37.931083,22.9089311,120.3115849,101008.0,69.382,4999.999999999999,20.0,296.9600135932174,0.01020163912178083,4.157128347855993,19.798612887120473
1970-01-01 00:13:38.352341,22.9089396,120.3116273,101008.0,68.972,4999.999999999999,20.0,296.95964431821324,0.010201806009038684,4.157128347855993,19.798753973867864
1970-01-01 00:13:38.471088,22.9089396,120.3116273,101007.0,68.972,4999.999999999999,20.0,296.95964431821324,0.010201806009038684,4.157128347855993,19.798753973867864
1970-01-01 00:13:38.903071,22.908951,120.3116693,101007.0,68.111,4999.999999999999,32.636464268916434,296.9593380768233,0.01020198026031109,13.69673482066736,19.798895113584337
1970-01-01 00:13:39.335138,22.9089662,120.3117125,101013.0,67.594,4999.999999999999,32.636464268916434,296.95909260507636,0.010202169933588974,13.69673482066736,19.79904189718898
1970-01-01 00:13:39.875223,22.9089836,120.311756,101021.0,67.482,4999.999999999999,61.25622139156445,296.9588875833771,0.010202367278374948,12.438170269260489,19.799190695697117
1970-01-01 00:13:40.945026,22.9090232,120.3118324,101040.14,66.691,4999.999999999999,20.0,296.9587090335235,0.010202741207149648,7.8340059743468204,19.799456240455815
1970-01-01 00:13:41.496015,22.9090447,120.3118649,101045.0,65.86,4999.999999999999,20.0,296.9587265766146,0.010202914351185834,8.19630914643555,19.79957135492086
1970-01-01 00:13:41.928042,22.9090669,120.3118954,101063.0,65.093,4999.999999999999,20.0,296.9587838401068,0.010203082997513685,8.19630914643555,19.799680330259545
1970-01-01 00:13:42.338590,22.9090897,120.3119267,101060.164,64.218,4999.999999999999,20.0,296.95884338317677,0.010203256221635667,2.104955837890911,19.799792205325122
1970-01-01 00:13:42.900194,22.909114,120.3119595,101064.0,63.571,4999.999999999999,20.0,296.9589143865852,0.010203439080535583,2.104955837890911,19.79990966209237
1970-01-01 00:13:43.332193,22.9091392,120.311993,101068.0,63.341,4999.999999999999,100.83923367551473,296.9589950314343,0.010203627106404602,13.161211580334395,19.800029836499263
1970-01-01 00:13:43.872214,22.909165,120.3120253,101068.0,63.037,4999.999999999999,100.83923367551473,296.9591033483607,0.010203813031556118,13.161211580334395,19.80014642279519
1970-01-01 00:13:44.520230,22.9091918,120.312055,101074.0,62.646,4999.999999999999,20.0,296.95926500522205,0.010203993356951121,9.979071331707637,19.800255049367415
1970-01-01 00:13:44.930587,22.9092191,120.3120832,101082.836,62.096,4999.999999999999,20.0,296.9594560760417,0.010204170263497646,3.803910924680165,19.800359059254234
1970-01-01 00:13:45.492174,22.9092464,120.3121111,101083.0,61.383,4999.999999999999,20.0,296.95965139121887,0.01020434627223682,3.803910924680165,19.800462124201662
1970-01-01 00:13:45.924318,22.9092754,120.3121396,101076.0,60.691,4999.999999999999,88.44773856680122,296.95987369563994,0.010204529535562366,14.434415410555768,19.800567940822493
1970-01-01 00:13:46.345495,22.9093092,120.31217,101077.0,60.291,4999.999999999999,88.44773856680122,296.9601688763978,0.01020473379929939,14.434415410555768,19.80068214647037
1970-01-01 00:13:46.464279,22.9093092,120.31217,101074.0,60.291,4999.999999999999,88.44773856680122,296.9601688763978,0.01020473379929939,14.434415410555768,19.80068214647037
1970-01-01 00:13:46.896376,22.909348,120.3122033,101078.0,60.176,4999.999999999999,20.0,296.9605285645779,0.010204963081572937,1.2749007733663873,19.800808095175853
1970-01-01 00:13:47.328376,22.90939,120.3122361,101105.0,60.318,4999.999999999999,20.0,296.96095956928207,0.010205200536931825,6.006425300113459,19.800933914224938
1970-01-01 00:13:47.868532,22.9094304,120.3122653,101109.0,60.361,4999.999999999999,20.0,296.96140443077877,0.010205421201095532,6.006425300113459,19.80104732937443
1970-01-01 00:13:48.516586,22.9094693,120.3122895,101107.0,60.122,4999.999999999999,20.0,296.96188253604146,0.010205620606886037,7.27039333642538,19.80114381362377
1970-01-01 00:13:48.948709,22.9095072,120.3123113,101106.0,59.996,4999.999999999999,20.0,296.9623711634191,0.010205809007068701,10.058299185838067,19.801232051497543
1970-01-01 00:13:49.488800,22.9095432,120.3123333,101119.0,60.252,4999.999999999999,20.0,296.96281957642725,0.010205992445830798,10.058299185838067,19.80132010120871
1970-01-01 00:13:49.921011,22.9095769,120.3123558,101110.0,60.232,4999.999999999999,20.0,296.96321594600533,0.010206170718690746,6.510016048591106,19.8014087585425
1970-01-01 00:13:50.331564,22.9096096,120.3123793,101102.664,60.153,4999.999999999999,20.0,296.9635801544135,0.010206349454956696,6.510016048591106,19.801500245235154
1970-01-01 00:13:50.893435,22.9096389,120.312403,101111.0,60.633,4999.999999999999,117.95144515259402,296.9638738832416,0.01020651866108787,13.146048608968453,19.801590862091604
1970-01-01 00:13:51.325401,22.9096647,120.3124261,101111.0,60.75,4999.999999999999,117.95144515259402,296.9641050331657,0.010206675304123754,13.146048608968453,19.80167795247408
1970-01-01 00:13:51.865478,22.9096895,120.3124482,101113.0,60.155,4999.999999999999,20.0,296.96432886690894,0.01020682560133861,8.366441449858485,19.801761346293596
1970-01-01 00:13:52.513485,22.9097138,120.3124711,101104.0,59.691,4999.999999999999,20.0,296.96453298479526,0.010206977173479966,8.366441449858485,19.801847143308528
1970-01-01 00:13:52.945488,22.9097366,120.3124975,101106.0,59.614,4999.999999999999,20.0,296.9646636047947,0.01020713615179911,4.904281137950123,19.801943703463465
1970-01-01 00:13:53.485906,22.9097617,120.3125282,101093.0,59.319,4999.999999999999,20.0,296.96478744450485,0.010207316830177336,4.904281137950123,19.802055379014504
1970-01-01 00:13:53.917927,22.9097943,120.3125572,101090.0,59.134,4999.999999999999,108.8782410577284,296.9650842274021,0.010207514683391981,13.59763655482803,19.802164957118624
1970-01-01 00:13:54.349883,22.9098343,120.3125798,101090.0,59.249,4999.999999999999,20.0,296.9656104853267,0.010207713444284009,8.34058065054877,19.802257036016645
1970-01-01 00:13:54.457907,22.9098343,120.3125798,101091.0,59.249,4999.999999999999,20.0,296.9656104853267,0.010207713444284009,8.34058065054877,19.802257036016645
1970-01-01 00:13:54.890063,22.9098792,120.3125966,101091.0,59.609,4999.999999999999,20.0,296.96630821781486,0.01020790751604186,8.34058065054877,19.8023324221276
1970-01-01 00:13:55.948699,22.9099674,120.3126213,101092.0,60.056,4999.999999999999,20.0,296.9677829643373,0.010208260724958288,10.65263313825716,19.8024534165593
1970-01-01 00:13:56.510699,22.9100071,120.3126257,101084.0,60.752,4999.999999999999,76.8632503683389,296.9685303241222,0.010208396862524345,13.928566368661771,19.802485924562987
1970-01-01 00:13:56.942704,22.9100407,120.3126202,101095.0,61.873,4999.999999999999,76.8632503683389,296.96927697971637,0.010208480569734578,13.928566368661771,19.802483274800387
1970-01-01 00:13:57.482714,22.9100678,120.3126095,101093.0,62.666,4999.999999999999,76.8632503683389,296.96995651061764,0.010208526638530516,13.928566368661771,19.80246065009432
1970-01-01 00:13:57.914801,22.9100916,120.3125982,101087.0,62.799,4999.999999999999,76.8632503683389,296.9705766497619,0.010208560550885877,13.928566368661771,19.802434554222405
1970-01-01 00:13:58.346826,22.9101137,120.3125868,101097.0,62.708,4999.999999999999,42.695599919547625,296.9711635445572,0.01020858890049094,12.73155978932457,19.802407353120138
1970-01-01 00:13:58.887034,22.9101356,120.3125789,101096.0,62.676,4999.999999999999,42.695599919547625,296.97170307611066,0.010208628593096307,12.73155978932457,19.80239150319938
1970-01-01 00:13:59.859011,22.9101773,120.3125608,101077.0,61.839,4999.999999999999,42.695599919547625,296.9727677939384,0.010208693621207481,12.73155978932457,19.802351317473544
1970-01-01 00:14:00.507003,22.9101962,120.3125374,101069.0,61.496,4999.999999999999,42.695599919547625,296.9734373957909,0.010208670939811513,12.73155978932457,19.802283410293647
1970-01-01 00:14:00.938998,22.9102119,120.312505,101092.0,61.777,4999.999999999999,42.695599919547625,296.9741530203666,0.01020860758047962,12.73155978932457,19.802184626858562
1970-01-01 00:14:01.349376,22.9102223,120.3124694,101100.164,61.79,4999.999999999999,76.8632503683389,296.9748009245184,0.01020851705578683,13.928566368661771,19.802072987608582
1970-01-01 00:14:01.478998,22.9102223,120.3124694,101109.0,61.79,4999.999999999999,76.8632503683389,296.9748009245184,0.01020851705578683,13.928566368661771,19.802072987608582
1970-01-01 00:14:01.911053,22.9102301,120.312434,101106.0,61.357,4999.999999999999,76.8632503683389,296.9753937797834,0.010208419267918063,13.928566368661771,19.801960841415486
1970-01-01 00:14:02.343186,22.9102357,120.312398,101096.0,60.834,4999.999999999999,76.8632503683389,296.97594956702386,0.01020831270485569,13.928566368661771,19.801845758503998
1970-01-01 00:14:02.883194,22.9102394,120.3123587,101097.0,60.477,4999.999999999999,20.0,296.976507612357,0.010208189023983315,10.65263313825716,19.80171905976347
1970-01-01 00:14:03.941907,22.910248,120.3122722,101109.164,59.508,4999.999999999999,20.0,296.9777447382386,0.010207918106893761,10.65263313825716,19.80144050957092
1970-01-01 00:14:04.503581,22.9102525,120.312226,101115.0,58.77,4999.999999999999,20.0,296.97840343560205,0.01020777308323616,8.34058065054877,19.801291753911503
1970-01-01 00:14:04.935798,22.9102562,120.3121781,101126.0,58.361,4999.999999999999,20.0,296.9790668658381,0.010207619776852604,8.34058065054877,19.801137133426693
1970-01-01 00:14:05.475848,22.9102597,120.3121288,101128.0,58.028,4999.999999999999,108.8782410577284,296.9797433973608,0.010207461034005261,13.59763655482803,19.800977903585498
1970-01-01 00:14:05.907815,22.9102629,120.3120787,101123.0,57.709,4999.999999999999,108.8782410577284,296.9804236528803,0.010207298615296621,13.59763655482803,19.800815980122106
1970-01-01 00:14:06.340001,22.9102638,120.312028,101131.0,57.358,4999.999999999999,20.0,296.98106514813446,0.010207127194510633,4.904281137950123,19.800651117029336
1970-01-01 00:14:06.880059,22.9102627,120.311977,101132.0,57.05,4999.999999999999,20.0,296.9816702994708,0.010206948728274172,4.904281137950123,19.80048443196514
1970-01-01 00:14:07.949495,22.9102519,120.3118728,101156.43,55.949,4999.999999999999,20.0,296.98273600529967,0.01020655849230003,8.366441449858485,19.800140211624193
1970-01-01 00:14:08.500204,22.9102461,120.3118188,101168.0,54.852,4999.999999999999,117.95144515259402,296.9832845046192,0.010206355714533046,13.146048608968453,19.799961835316726
1970-01-01 00:14:08.932245,22.9102438,120.3117642,101174.0,53.975,4999.999999999999,117.95144515259402,296.9839103604909,0.010206161383444504,13.146048608968453,19.799783144424264
1970-01-01 00:14:09.342649,22.910242,120.3117084,101179.336,53.269,4999.999999999999,20.0,296.9845610175359,0.01020596444335443,6.510016048591106,19.79960084221758
1970-01-01 00:14:09.472319,22.910242,120.3117084,101186.0,53.269,4999.999999999999,20.0,296.9845610175359,0.01020596444335443,6.510016048591106,19.79960084221758
1970-01-01 00:14:09.904320,22.9102384,120.3116509,101190.0,52.395,4999.999999999999,20.0,296.9851968239333,0.010205756316373408,10.058299185838067,19.799412279079274
1970-01-01 00:14:10.336293,22.9102342,120.3115915,101192.0,51.102,4999.999999999999,20.0,296.9858442040279,0.010205539911534344,10.058299185838067,19.79921735018414
1970-01-01 00:14:10.876322,22.9102312,120.31153,101218.0,50.078,4999.999999999999,20.0,296.9865414215293,0.01020531990167773,7.27039333642538,19.799016216904246
1970-01-01 00:14:11.934797,22.910224,120.3114066,101233.836,48.243,4999.999999999999,20.0,296.98791731585266,0.010204875032864215,6.006425300113459,19.79861237611564
1970-01-01 00:14:12.496375,22.9102178,120.311347,101249.0,47.655,4999.999999999999,20.0,296.98852809788366,0.010204652158941126,1.2749007733663873,19.79841624382515
1970-01-01 00:14:12.928697,22.9102115,120.3112902,101267.0,46.867,4999.999999999999,20.0,296.9891026467231,0.010204438648836838,1.2749007733663873,19.798229230556945
1970-01-01 00:14:13.350052,22.9102046,120.3112347,101265.57,45.326,4999.999999999999,88.44773856680122,296.9896495341025,0.010204227879027444,14.434415410555768,19.798046241996882
1970-01-01 00:14:13.469010,22.9102046,120.3112347,101270.0,45.326,4999.999999999999,88.44773856680122,296.9896495341025,0.010204227879027444,14.434415410555768,19.798046241996882
1970-01-01 00:14:13.901013,22.9101972,120.3111795,101286.0,44.577,4999.999999999999,20.0,296.99018307548033,0.010204016719704816,3.803910924680165,19.797864078249326
1970-01-01 00:14:14.333009,22.91019,120.3111278,101284.0,44.959,4999.999999999999,20.0,296.9906776942043,0.010203818210009992,3.803910924680165,19.797693412645916
1970-01-01 00:14:14.873009,22.9101833,120.3110806,101286.0,44.906,4999.999999999999,20.0,296.991126956627,0.010203636652973068,9.979071331707637,19.797537602651467
1970-01-01 00:14:15.521011,22.9101784,120.3110362,101304.0,44.386,4999.999999999999,20.0,296.9915773992482,0.010203470026539993,9.979071331707637,19.79739170397315
1970-01-01 00:14:15.942206,22.9101756,120.3109941,101310.43,43.714,4999.999999999999,100.83923367551473,296.9920410115069,0.010203317476527453,13.161211580334395,19.797254220236773
1970-01-01 00:14:16.493019,22.9101726,120.3109532,101320.0,42.847,4999.999999999999,100.83923367551473,296.99248596634754,0.010203168470916643,13.161211580334395,19.79712057096868
1970-01-01 00:14:16.925027,22.9101707,120.3109124,101354.0,41.993,4999.999999999999,20.0,296.99295141310574,0.01020302304625819,2.104955837890911,19.796987767768844
1970-01-01 00:14:17.335404,22.9101729,120.3108809,101352.0,41.951,4999.999999999999,20.0,296.99338293608423,0.010202921505051643,2.104955837890911,19.796886874224757
1970-01-01 00:14:17.897004,22.9101753,120.3108596,101353.0,41.931,4999.999999999999,20.0,296.99369264750493,0.010202855505989122,2.104955837890911,19.79681906348192
1970-01-01 00:14:18.329108,22.9101753,120.3108493,101360.0,41.905,4999.999999999999,20.0,296.9938195824143,0.010202820195716954,2.104955837890911,19.7967857655078
1970-01-01 00:14:18.869074,22.9101751,120.3108487,101361.0,41.875,4999.999999999999,20.0,296.9938230440392,0.01020281755416982,2.104955837890911,19.79678373799589
1970-01-01 00:14:19.517106,22.9101751,120.3108486,101362.0,41.846,4999.999999999999,20.0,296.99382427642286,0.010202817211353103,2.104955837890911,19.796783414727393
1970-01-01 00:14:19.949070,22.910175,120.3108486,101362.0,41.826,4999.999999999999,20.0,296.993822310105,0.010202816919034791,2.104955837890911,19.796783370780012
1970-01-01 00:14:20.489212,22.9101751,120.3108486,101364.0,41.797,4999.999999999999,20.0,296.99382427642286,0.010202817211353103,2.104955837890911,19.796783414727393
1970-01-01 00:14:20.921384,22.9101751,120.3108485,101357.0,41.76,4999.999999999999,20.0,296.9938255088066,0.010202816868536385,2.104955837890911,19.796783091459062
1970-01-01 00:14:21.342596,22.910175,120.3108485,101358.71,41.735,4999.999999999999,20.0,296.99382354249167,0.01020281657621879,2.104955837890911,19.796783047511774
1970-01-01 00:14:21.461471,22.910175,120.3108485,101358.0,41.735,4999.999999999999,20.0,296.99382354249167,0.01020281657621879,2.104955837890911,19.796783047511774
