week,uid,count
2025-09-22,20240911194312A389747A0782527426,5
2025-10-06,20240606201439A160695A3816948226,4
2025-10-06,20240606202453A933081A7836829846,5
2025-10-06,20240911193046A806593A5642508217,5
2025-10-06,20240911193733A012843A9994605977,5
2025-10-06,20240911194957A179458A3827373510,5
2025-10-13,20240606181851A641973A1878250224,1
2025-10-13,20240606185609A190219A4811437779,5
2025-10-13,20240606201439A160695A3816948226,5
2025-10-13,20240606202453A933081A7836829846,5
2025-10-13,20240911193519A117375A6331369164,5
2025-10-13,20240911193733A012843A9994605977,1
2025-10-13,20240911194957A179458A3827373510,5
2025-10-20,20240606201439A160695A3816948226,5
2025-10-20,20240911193046A806593A5642508217,2
2025-10-20,20240911193733A012843A9994605977,2
2025-10-20,20240911194312A389747A0782527426,1
2025-10-20,20240911194957A179458A3827373510,2
2025-10-27,20240606185609A190219A4811437779,5
2025-10-27,20240606201439A160695A3816948226,5
2025-10-27,20240606202453A933081A7836829846,5
2025-10-27,20240911193046A806593A5642508217,5
2025-10-27,20240911193519A117375A6331369164,5
2025-10-27,20240911193733A012843A9994605977,5
2025-10-27,20240911194312A389747A0782527426,5
2025-10-27,20240911194957A179458A3827373510,5
2025-11-03,20240606185609A190219A4811437779,2
2025-11-03,20240606201439A160695A3816948226,3
2025-11-03,20240606202453A933081A7836829846,2
2025-11-03,20240911193046A806593A5642508217,5
2025-11-03,20240911193519A117375A6331369164,5
2025-11-03,20240911193733A012843A9994605977,3
2025-11-03,20240911194957A179458A3827373510,5
2025-11-10,20240606181851A641973A1878250224,5
2025-11-10,20240606185609A190219A4811437779,5
2025-11-10,20240606201439A160695A3816948226,5
2025-11-10,20240606202453A933081A7836829846,5
2025-11-10,20240911193046A806593A5642508217,5
2025-11-10,20240911193519A117375A6331369164,5
2025-11-10,20240911193733A012843A9994605977,5
2025-11-10,20240911194312A389747A0782527426,5
2025-11-10,20240911194957A179458A3827373510,5
2025-11-17,20240606181851A641973A1878250224,5
2025-11-17,20240606185609A190219A4811437779,5
2025-11-17,20240606201439A160695A3816948226,5
2025-11-17,20240606202453A933081A7836829846,5
2025-11-17,20240911193046A806593A5642508217,5
2025-11-17,20240911193519A117375A6331369164,5
2025-11-17,20240911193733A012843A9994605977,5
2025-11-17,20240911194312A389747A0782527426,4
2025-11-17,20240911194957A179458A3827373510,5
2025-11-24,20240606181851A641973A1878250224,5
2025-11-24,20240606185609A190219A4811437779,5
2025-11-24,20240606202453A933081A7836829846,1
2025-11-24,20240911193046A806593A5642508217,1
2025-11-24,20240911194957A179458A3827373510,5
