timestamp,lat,lon,p_drone_pa,h_hae_true,p_ref_era5_pa,h_ref_era5_msl,t_ref_era5_k,q_ref_era5,n_geoid
1970-01-01 00:10:45.326161,22.9109217,120.3098401,100203.0,135.898,100000.0,155.4754289420317,295.7890625,0.014599040150642395,19.7938547470327
1970-01-01 00:10:45.866248,22.9109468,120.3097719,100201.0,136.063,100000.0,155.4754289420317,295.7890625,0.014599040150642395,19.793646072997223
1970-01-01 00:10:46.514188,22.9109867,120.3097157,100189.0,136.483,100000.0,155.4754289420317,295.7890625,0.014599040150642395,19.7934823761742
1970-01-01 00:10:46.946281,22.9110387,120.3096744,100178.0,137.183,100000.0,155.4754289420317,295.7890625,0.014599040150642395,19.793371772146287
1970-01-01 00:10:47.486701,22.9110983,120.3096484,100185.0,137.828,100000.0,155.4754289420317,295.7890625,0.014599040150642395,19.793313592752856
1970-01-01 00:10:47.918699,22.9111621,120.3096393,100163.0,138.334,100000.0,155.4754289420317,295.7890625,0.014599040150642395,19.793311526424322
1970-01-01 00:10:48.350725,22.9112263,120.3096527,100188.0,139.021,100000.0,155.4754289420317,295.7890625,0.014599040150642395,19.793381985760313
1970-01-01 00:10:48.458711,22.9112263,120.3096527,100173.0,139.021,100000.0,155.4754289420317,295.7890625,0.014599040150642395,19.793381985760313
1970-01-01 00:10:48.890807,22.9112873,120.3096849,100169.0,139.782,100000.0,155.4754289420317,295.7890625,0.014599040150642395,19.793511589340806
1970-01-01 00:10:49.322844,22.9113448,120.3097265,100171.0,140.156,100000.0,155.4754289420317,295.7890625,0.014599040150642395,19.793670014732985
1970-01-01 00:10:49.949231,22.9114009,120.3097696,100158.0,140.064,100000.0,155.4754289420317,295.7890625,0.014599040150642395,19.79383274999743
1970-01-01 00:10:50.510798,22.9114571,120.3098101,100154.0,140.045,100000.0,155.4754289420317,295.7890625,0.014599040150642395,19.793987229408206
1970-01-01 00:10:50.942816,22.9115145,120.3098422,100162.0,140.081,100000.0,155.4754289420317,295.7890625,0.014599040150642395,19.79411521493977
1970-01-01 00:10:51.482999,22.9115729,120.3098576,100150.0,140.212,100000.0,155.4754289420317,295.7890625,0.014599040150642395,19.794189826436003
1970-01-01 00:10:51.915008,22.911628,120.30985,100164.0,140.937,100000.0,155.4754289420317,295.7890625,0.014599040150642395,19.794188864982864
1970-01-01 00:10:52.347084,22.9116782,120.3098285,100161.0,141.439,100000.0,155.4754289420317,295.7890625,0.014599040150642395,19.794140970038388
1970-01-01 00:10:52.887201,22.9117274,120.309805,100164.0,141.227,100000.0,155.4754289420317,295.7890625,0.014599040150642395,19.794086182987513
1970-01-01 00:10:53.319233,22.9117788,120.3097902,100153.0,140.776,100000.0,155.4754289420317,295.7890625,0.014599040150642395,19.794060375589236
1970-01-01 00:10:53.859183,22.9118325,120.3097948,100163.0,140.338,100000.0,155.4754289420317,295.7890625,0.014599040150642395,19.794098106408857
1970-01-01 00:10:54.507373,22.9118841,120.3098209,100169.0,140.174,100000.0,155.4754289420317,295.7890625,0.014599040150642395,19.794204310355816
1970-01-01 00:10:54.939381,22.9119297,120.3098655,100175.0,140.12,100000.0,155.4754289420317,295.7890625,0.014599040150642395,19.79436770566627
1970-01-01 00:10:55.349907,22.9119669,120.3099258,100175.5,139.968,100000.0,155.4754289420317,295.7890625,0.014599040150642395,19.794578294942802
1970-01-01 00:10:55.479535,22.9119669,120.3099258,100167.0,139.968,100000.0,155.4754289420317,295.7890625,0.014599040150642395,19.794578294942802
1970-01-01 00:10:55.911621,22.9119931,120.31,100171.0,139.851,100000.0,155.4754289420317,295.7890625,0.014599040150642395,19.794829213931
1970-01-01 00:10:56.343595,22.9120091,120.3100832,100188.0,139.753,100000.0,155.4754289420317,295.7890625,0.014599040150642395,19.795105016537843
1970-01-01 00:10:56.883579,22.9120205,120.3101692,100200.0,139.604,100000.0,155.4754289420317,295.7890625,0.014599040150642395,19.79538807710268
1970-01-01 00:10:57.942162,22.9120441,120.3103419,100210.336,138.893,100000.0,155.4754289420317,295.7890625,0.014599040150642395,19.795957345060394
1970-01-01 00:10:58.503840,22.912048,120.310434,100192.0,137.897,100000.0,155.4754289420317,295.7890625,0.014599040150642395,19.796257475389996
1970-01-01 00:10:58.935908,22.9120318,120.3105331,100193.0,136.91,100000.0,155.4754289420317,295.7890625,0.014599040150642395,19.796571798710225
1970-01-01 00:10:59.476033,22.9119923,120.3106329,100208.0,136.516,100000.0,155.4754289420317,295.7890625,0.014599040150642395,19.79687846323744
1970-01-01 00:10:59.908290,22.9119434,120.3107286,100214.0,136.889,100000.0,155.4754289420317,295.7890625,0.014599040150642395,19.7971678630756
1970-01-01 00:11:00.340381,22.9118972,120.3108228,100218.0,137.22,100000.0,155.4754289420317,295.7890625,0.014599040150642395,19.79745367160493
1970-01-01 00:11:00.880404,22.9118549,120.3109178,100227.0,137.352,100000.0,155.4754289420317,295.7890625,0.014599040150642395,19.79774388941257
1970-01-01 00:11:01.949789,22.9117507,120.3111038,100205.43,136.897,100000.0,155.4754289420317,295.7890625,0.014599040150642395,19.798303054509933
1970-01-01 00:11:02.500697,22.9116723,120.3111834,100219.0,136.258,100000.0,155.4754289420317,295.7890625,0.014599040150642395,19.798527593243907
1970-01-01 00:11:02.932763,22.9115796,120.3112493,100221.0,136.131,100000.0,155.4754289420317,295.7890625,0.014599040150642395,19.79870124437182
1970-01-01 00:11:03.343236,22.9114853,120.3113107,100228.5,136.709,100000.0,155.4754289420317,295.7890625,0.014599040150642395,19.79885950272162
1970-01-01 00:11:03.472767,22.9114853,120.3113107,100226.0,136.709,100000.0,155.4754289420317,295.7890625,0.014599040150642395,19.79885950272162
1970-01-01 00:11:03.904906,22.9113943,120.3113755,100221.0,137.1,100000.0,155.4754289420317,295.7890625,0.014599040150642395,19.799030244597606
1970-01-01 00:11:04.337025,22.9113084,120.3114468,100218.0,137.169,100000.0,155.4754289420317,295.7890625,0.014599040150642395,19.799224375740636
1970-01-01 00:11:04.877004,22.9112298,120.3115257,100220.0,137.053,100000.0,155.4754289420317,295.7890625,0.014599040150642395,19.79944648329189
1970-01-01 00:11:05.935499,22.9111082,120.311707,100231.164,136.206,100000.0,155.4754289420317,295.7890625,0.014599040150642395,19.79998319306611
1970-01-01 00:11:06.497283,22.9110642,120.3118047,100242.0,136.224,100000.0,155.4754289420317,295.7890625,0.014599040150642395,19.80028215256487
1970-01-01 00:11:06.713378,22.9110326,120.3118779,100225.0,136.412,100000.0,155.4754289420317,295.7890625,0.014599040150642395,19.800506835061377
1970-01-01 00:11:07.350631,22.910979,120.3119988,100220.86,136.989,100000.0,155.4754289420317,295.7890625,0.014599040150642395,19.8008774536328
1970-01-01 00:11:07.469446,22.910979,120.3119988,100211.0,136.989,100000.0,155.4754289420317,295.7890625,0.014599040150642395,19.8008774536328
1970-01-01 00:11:07.901384,22.910944,120.3120964,100218.0,137.293,100000.0,155.4754289420317,295.7890625,0.014599040150642395,19.80118050644797
1970-01-01 00:11:08.333383,22.9109246,120.3121951,100210.0,137.103,100000.0,155.4754289420317,295.7890625,0.014599040150642395,19.801494329967586
1970-01-01 00:11:08.873421,22.9109249,120.312291,100209.0,137.008,100000.0,155.4754289420317,295.7890625,0.014599040150642395,19.80180807080899
1970-01-01 00:11:09.521399,22.9109403,120.3123808,100219.0,137.204,100000.0,155.4754289420317,295.7890625,0.014599040150642395,19.80210888111386
1970-01-01 00:11:09.953410,22.9109622,120.3124665,100220.0,137.385,100000.0,155.4754289420317,295.7890625,0.014599040150642395,19.80239941174056
1970-01-01 00:11:10.493409,22.910984,120.3125522,100232.0,137.271,100000.0,155.4754289420317,295.7890625,0.014599040150642395,19.802690092684628
1970-01-01 00:11:10.925404,22.9109997,120.3126406,100227.0,136.777,100000.0,155.4754289420317,295.7890625,0.014599040150642395,19.802987049052955
1970-01-01 00:11:11.335844,22.9110035,120.3127343,100237.5,135.921,100000.0,155.4754289420317,295.7890625,0.014599040150642395,19.803296171613063
1970-01-01 00:11:11.897514,22.9109896,120.312833,100244.0,134.971,100000.0,155.4754289420317,295.7890625,0.014599040150642395,19.803613827847332
1970-01-01 00:11:12.329517,22.9109585,120.3129322,100239.0,134.79,100000.0,155.4754289420317,295.7890625,0.014599040150642395,19.803925441172094
1970-01-01 00:11:12.869791,22.9109226,120.3130288,100251.0,135.32,100000.0,155.4754289420317,295.7890625,0.014599040150642395,19.80422646151485
1970-01-01 00:11:13.517824,22.9108921,120.3131233,100247.0,135.72,100000.0,155.4754289420317,295.7890625,0.014599040150642395,19.804523194601465
1970-01-01 00:11:13.949790,22.9108725,120.3132158,100235.0,135.917,100000.0,155.4754289420317,295.7890625,0.014599040150642395,19.804818507055366
1970-01-01 00:11:14.489814,22.9108688,120.3133037,100228.0,136.104,100000.0,155.4754289420317,295.7890625,0.014599040150642395,19.80510616333113
1970-01-01 00:11:14.921815,22.9108843,120.3133802,100220.0,136.365,100000.0,155.4754289420317,295.7890625,0.014599040150642395,19.80536529787206
1970-01-01 00:11:15.343037,22.9109155,120.3134364,100231.86,137.073,100000.0,155.4754289420317,295.7890625,0.014599040150642395,19.805564931207236
1970-01-01 00:11:15.461805,22.9109155,120.3134364,100214.0,137.073,100000.0,155.4754289420317,295.7890625,0.014599040150642395,19.805564931207236
1970-01-01 00:11:15.893974,22.9109522,120.3134707,100227.0,138.123,100000.0,155.4754289420317,295.7890625,0.014599040150642395,19.80569499521838
1970-01-01 00:11:16.326166,22.9109878,120.3134876,100231.0,139.046,100000.0,155.4754289420317,295.7890625,0.014599040150642395,19.805767207452764
1970-01-01 00:11:16.952584,22.91102,120.3134903,100208.664,139.567,100000.0,155.4754289420317,295.7890625,0.014599040150642395,19.80579102066429
1970-01-01 00:11:17.514220,22.9110464,120.3134769,100216.0,139.94,100000.0,155.4754289420317,295.7890625,0.014599040150642395,19.805759041831585
1970-01-01 00:11:17.946168,22.9110639,120.3134502,100195.0,140.23,100000.0,155.4754289420317,295.7890625,0.014599040150642395,19.805679076645564
1970-01-01 00:11:18.486167,22.9110695,120.3134114,100203.0,140.484,100000.0,155.4754289420317,295.7890625,0.014599040150642395,19.80555371973142
1970-01-01 00:11:18.918283,22.9110611,120.313364,100212.0,140.69,100000.0,155.4754289420317,295.7890625,0.014599040150642395,19.80539358022744
1970-01-01 00:11:19.350423,22.9110394,120.3133139,100218.0,140.814,100000.0,155.4754289420317,295.7890625,0.014599040150642395,19.805218466870127
1970-01-01 00:11:19.890587,22.9110086,120.3132654,100227.0,140.549,100000.0,155.4754289420317,295.7890625,0.014599040150642395,19.805044504531686
1970-01-01 00:11:20.322592,22.9109753,120.3132181,100234.0,139.918,100000.0,155.4754289420317,295.7890625,0.014599040150642395,19.80487342010055
1970-01-01 00:11:20.862867,22.9109456,120.3131704,100242.0,138.647,100000.0,155.4754289420317,295.7890625,0.014599040150642395,19.80470275294053
1970-01-01 00:11:21.511034,22.9109313,120.3131221,100247.0,137.054,100000.0,155.4754289420317,295.7890625,0.014599040150642395,19.80453726602783
1970-01-01 00:11:21.943072,22.9109408,120.3130813,100258.0,135.976,100000.0,155.4754289420317,295.7890625,0.014599040150642395,19.804407435879888
1970-01-01 00:11:22.483231,22.9109631,120.3130507,100274.0,135.767,100000.0,155.4754289420317,295.7890625,0.014599040150642395,19.804317046267343
1970-01-01 00:11:22.915216,22.910987,120.3130231,100273.0,135.714,100000.0,155.4754289420317,295.7890625,0.014599040150642395,19.80423726061996
1970-01-01 00:11:23.347187,22.9110053,120.3129894,100270.0,135.553,100000.0,155.4754289420317,295.7890625,0.014599040150642395,19.804134859087153
1970-01-01 00:11:23.455274,22.9110053,120.3129894,100271.0,135.553,100000.0,155.4754289420317,295.7890625,0.014599040150642395,19.804134859087153
1970-01-01 00:11:23.887388,22.9110121,120.3129459,100275.0,135.631,100000.0,155.4754289420317,295.7890625,0.014599040150642395,19.803994996887425
1970-01-01 00:11:24.945915,22.9109783,120.3128449,100277.0,136.063,100000.0,155.4754289420317,295.7890625,0.014599040150642395,19.803647742170778
1970-01-01 00:11:25.507491,22.9109466,120.3127959,100279.0,135.967,100000.0,155.4754289420317,295.7890625,0.014599040150642395,19.803472390222602
1970-01-01 00:11:25.939534,22.9109109,120.3127479,100286.0,135.695,100000.0,155.4754289420317,295.7890625,0.014599040150642395,19.803298575433065
1970-01-01 00:11:26.479814,22.9108756,120.3126997,100302.0,134.99,100000.0,155.4754289420317,295.7890625,0.014599040150642395,19.803124367909636
1970-01-01 00:11:26.911794,22.9108461,120.3126498,100312.0,133.655,100000.0,155.4754289420317,295.7890625,0.014599040150642395,19.802947309175806
1970-01-01 00:11:27.343797,22.9108304,120.3125978,100291.0,131.916,100000.0,155.4754289420317,295.7890625,0.014599040150642395,19.802769726734027
1970-01-01 00:11:27.883804,22.9108332,120.3125466,100306.0,130.731,100000.0,155.4754289420317,295.7890625,0.014599040150642395,19.802603244728928
1970-01-01 00:11:28.855852,22.9108567,120.3124476,100328.0,129.836,100000.0,155.4754289420317,295.7890625,0.014599040150642395,19.80228969116316
1970-01-01 00:11:29.503908,22.9108663,120.3123966,100337.0,129.245,100000.0,155.4754289420317,295.7890625,0.014599040150642395,19.802127094964817
1970-01-01 00:11:29.935922,22.910868,120.3123411,100337.0,128.85,100000.0,155.4754289420317,295.7890625,0.014599040150642395,19.801946249576794
1970-01-01 00:11:30.346436,22.9108541,120.3122806,100338.664,128.692,100000.0,155.4754289420317,295.7890625,0.014599040150642395,19.801742069833434
1970-01-01 00:11:30.476047,22.9108541,120.3122806,100337.0,128.692,100000.0,155.4754289420317,295.7890625,0.014599040150642395,19.801742069833434
1970-01-01 00:11:30.908008,22.9108226,120.3122202,100343.0,128.635,100000.0,155.4754289420317,295.7890625,0.014599040150642395,19.80153037068805
1970-01-01 00:11:31.339908,22.9107799,120.3121635,100343.0,128.431,100000.0,155.4754289420317,295.7890625,0.014599040150642395,19.801325824997303
1970-01-01 00:11:31.879910,22.9107336,120.3121089,100360.0,127.937,100000.0,155.4754289420317,295.7890625,0.014599040150642395,19.80112662830433
1970-01-01 00:11:32.938637,22.9106593,120.3119935,100359.164,124.89,100000.0,155.4754289420317,295.7890625,0.014599040150642395,19.800716562325082
1970-01-01 00:11:33.500173,22.9106496,120.3119322,100392.0,123.53,100000.0,155.4754289420317,295.7890625,0.014599040150642395,19.8005122791483
1970-01-01 00:11:33.932173,22.9106469,120.3118721,100401.0,123.066,100000.0,155.4754289420317,295.7890625,0.014599040150642395,19.800315138276694
1970-01-01 00:11:34.472280,22.9106363,120.3118098,100396.0,122.743,100000.0,155.4754289420317,295.7890625,0.014599040150642395,19.800107374787157
1970-01-01 00:11:34.904444,22.9106115,120.3117461,100411.0,122.642,100000.0,155.4754289420317,295.7890625,0.014599040150642395,19.799888799852848
1970-01-01 00:11:35.336458,22.9105809,120.3116835,100412.0,122.251,100000.0,155.4754289420317,295.7890625,0.014599040150642395,19.79967133200933
1970-01-01 00:11:35.876412,22.9105538,120.31162,100415.0,121.259,100000.0,155.4754289420317,295.7890625,0.014599040150642395,19.79945261764936
1970-01-01 00:11:36.945840,22.9105636,120.3115022,100429.29,118.683,100000.0,155.4754289420317,295.7890625,0.014599040150642395,19.7990739239176
1970-01-01 00:11:37.496616,22.9106017,120.3114643,100437.0,118.558,100000.0,155.4754289420317,295.7890625,0.014599040150642395,19.798967681025818
1970-01-01 00:11:37.928613,22.9106467,120.3114378,100446.0,118.808,100000.0,155.4754289420317,295.7890625,0.014599040150642395,19.79890155141144
1970-01-01 00:11:38.339004,22.9106905,120.3114108,100437.836,119.096,100000.0,155.4754289420317,295.7890625,0.014599040150642395,19.798833253441288
1970-01-01 00:11:38.468620,22.9106905,120.3114108,100445.0,119.096,100000.0,155.4754289420317,295.7890625,0.014599040150642395,19.798833253441288
1970-01-01 00:11:38.900586,22.9107267,120.3113722,100429.0,119.527,100000.0,155.4754289420317,295.7890625,0.014599040150642395,19.79872388200865
1970-01-01 00:11:39.332588,22.9107451,120.3113342,100419.0,119.912,100000.0,155.4754289420317,295.7890625,0.014599040150642395,19.79860857797162
1970-01-01 00:11:39.872796,22.9107577,120.3112609,100429.0,120.655,100000.0,155.4754289420317,295.7890625,0.014599040150642395,19.79837608711293
1970-01-01 00:11:40.521011,22.9107561,120.3111994,100433.0,121.123,100000.0,155.4754289420317,295.7890625,0.014599040150642395,19.798175723166036
1970-01-01 00:11:40.953010,22.9107541,120.3111372,100441.0,121.13,100000.0,155.4754289420317,295.7890625,0.014599040150642395,19.797972995709504
1970-01-01 00:11:41.493114,22.9107573,120.3110754,100429.0,120.543,100000.0,155.4754289420317,295.7890625,0.014599040150642395,19.797773942740275
1970-01-01 00:11:41.925101,22.9107732,120.3110187,100418.0,119.625,100000.0,155.4754289420317,295.7890625,0.014599040150642395,19.797597090284892
1970-01-01 00:11:42.346280,22.9108066,120.3109759,100408.86,119.197,100000.0,155.4754289420317,295.7890625,0.014599040150642395,19.79747303304466
1970-01-01 00:11:42.465220,22.9108066,120.3109759,100435.0,119.197,100000.0,155.4754289420317,295.7890625,0.014599040150642395,19.79747303304466
1970-01-01 00:11:42.897247,22.9108526,120.3109525,100419.0,119.617,100000.0,155.4754289420317,295.7890625,0.014599040150642395,19.797417396057813
1970-01-01 00:11:43.329219,22.9109008,120.3109372,100441.0,119.822,100000.0,155.4754289420317,295.7890625,0.014599040150642395,19.797388967307096
1970-01-01 00:11:43.869220,22.910951,120.3109227,100416.0,119.469,100000.0,155.4754289420317,295.7890625,0.014599040150642395,19.79736399613628
1970-01-01 00:11:44.949585,22.9110549,120.3108881,100422.0,118.948,100000.0,155.4754289420317,295.7890625,0.014599040150642395,19.797297391345598
1970-01-01 00:11:45.489485,22.9111089,120.3108714,100419.0,118.558,100000.0,155.4754289420317,295.7890625,0.014599040150642395,19.79726690858748
1970-01-01 00:11:45.921798,22.9111662,120.3108641,100405.0,117.955,100000.0,155.4754289420317,295.7890625,0.014599040150642395,19.79726833117761
1970-01-01 00:11:46.353801,22.9112258,120.3108772,100412.0,117.525,100000.0,155.4754289420317,295.7890625,0.014599040150642395,19.797336904780476
1970-01-01 00:11:46.893790,22.9112841,120.3109106,100420.0,117.741,100000.0,155.4754289420317,295.7890625,0.014599040150642395,19.797470780218017
1970-01-01 00:11:47.325835,22.9113413,120.3109492,100435.0,118.36,100000.0,155.4754289420317,295.7890625,0.014599040150642395,19.79762110677839
1970-01-01 00:11:47.865814,22.9113997,120.3109831,100419.0,118.971,100000.0,155.4754289420317,295.7890625,0.014599040150642395,19.797756765733777
1970-01-01 00:11:48.513786,22.9114594,120.3110057,100403.0,119.439,100000.0,155.4754289420317,295.7890625,0.014599040150642395,19.79785634466115
1970-01-01 00:11:48.945821,22.9115183,120.311008,100416.0,120.008,100000.0,155.4754289420317,295.7890625,0.014599040150642395,19.797889646496312
1970-01-01 00:11:49.485807,22.9115717,120.3109903,100400.0,120.706,100000.0,155.4754289420317,295.7890625,0.014599040150642395,19.797855549286087
1970-01-01 00:11:49.917796,22.9116203,120.3109621,100407.0,120.967,100000.0,155.4754289420317,295.7890625,0.014599040150642395,19.797785219313322
1970-01-01 00:11:50.349906,22.9116686,120.3109326,100401.0,120.643,100000.0,155.4754289420317,295.7890625,0.014599040150642395,19.79771052144101
1970-01-01 00:11:50.457938,22.9116686,120.3109326,100410.0,120.643,100000.0,155.4754289420317,295.7890625,0.014599040150642395,19.79771052144101
1970-01-01 00:11:50.889908,22.9117202,120.3109082,100398.0,120.189,100000.0,155.4754289420317,295.7890625,0.014599040150642395,19.797653820939257
1970-01-01 00:11:51.321933,22.9117775,120.3108993,100385.0,119.839,100000.0,155.4754289420317,295.7890625,0.014599040150642395,19.79764995053012
1970-01-01 00:11:51.948605,22.9118375,120.3109121,100388.5,119.882,100000.0,155.4754289420317,295.7890625,0.014599040150642395,19.797717761064202
1970-01-01 00:11:52.510165,22.9118955,120.3109459,100395.0,120.373,100000.0,155.4754289420317,295.7890625,0.014599040150642395,19.797852977428004
1970-01-01 00:11:52.942190,22.9119496,120.3109945,100391.0,120.646,100000.0,155.4754289420317,295.7890625,0.014599040150642395,19.798034681020322
1970-01-01 00:11:53.482456,22.9119977,120.311057,100392.0,120.475,100000.0,155.4754289420317,295.7890625,0.014599040150642395,19.798259088476378
1970-01-01 00:11:53.914423,22.9120354,120.3111339,100395.0,120.264,100000.0,155.4754289420317,295.7890625,0.014599040150642395,19.79852596446349
1970-01-01 00:11:54.346640,22.9120616,120.3112223,100393.0,119.954,100000.0,155.4754289420317,295.7890625,0.014599040150642395,19.798825442272328
1970-01-01 00:11:54.886602,22.912078,120.3113183,100402.0,119.577,100000.0,155.4754289420317,295.7890625,0.014599040150642395,19.799145600363822
1970-01-01 00:11:55.858821,22.9120965,120.311516,100412.0,119.773,100000.0,155.4754289420317,295.7890625,0.014599040150642395,19.799798896079313
1970-01-01 00:11:56.507002,22.9121085,120.311611,100422.0,119.945,100000.0,155.4754289420317,295.7890625,0.014599040150642395,19.800114527411274
1970-01-01 00:11:56.939005,22.912122,120.3117034,100411.0,119.786,100000.0,155.4754289420317,295.7890625,0.014599040150642395,19.800422541619273
1970-01-01 00:11:57.349458,22.9121347,120.3117953,100414.336,119.587,100000.0,155.4754289420317,295.7890625,0.014599040150642395,19.800728773724114
1970-01-01 00:11:57.479009,22.9121347,120.3117953,100427.0,119.587,100000.0,155.4754289420317,295.7890625,0.014599040150642395,19.800728773724114
1970-01-01 00:11:57.911008,22.9121439,120.3118883,100422.0,119.327,100000.0,155.4754289420317,295.7890625,0.014599040150642395,19.80103725350191
1970-01-01 00:11:58.343054,22.912145,120.3119847,100426.0,118.706,100000.0,155.4754289420317,295.7890625,0.014599040150642395,19.801353459333185
1970-01-01 00:11:58.883121,22.9121292,120.3120852,100423.0,117.925,100000.0,155.4754289420317,295.7890625,0.014599040150642395,19.801675745959535
1970-01-01 00:11:59.941490,22.9120376,120.3122788,100439.664,117.076,100000.0,155.4754289420317,295.7890625,0.014599040150642395,19.802269623475464
1970-01-01 00:12:00.503075,22.9119692,120.3123634,100453.0,116.992,100000.0,155.4754289420317,295.7890625,0.014599040150642395,19.802516500014274
1970-01-01 00:12:00.935085,22.9118905,120.312437,100439.0,116.852,100000.0,155.4754289420317,295.7890625,0.014599040150642395,19.802722642572046
1970-01-01 00:12:01.475102,22.911801,120.3124951,100447.0,116.786,100000.0,155.4754289420317,295.7890625,0.014599040150642395,19.80287299264204
1970-01-01 00:12:01.907108,22.9117038,120.3125363,100449.0,116.749,100000.0,155.4754289420317,295.7890625,0.014599040150642395,19.80296431383811
1970-01-01 00:12:02.339169,22.9116039,120.3125614,100441.0,116.745,100000.0,155.4754289420317,295.7890625,0.014599040150642395,19.80300148715019
1970-01-01 00:12:02.879171,22.9115047,120.3125705,100455.0,116.904,100000.0,155.4754289420317,295.7890625,0.014599040150642395,19.80298639870167
1970-01-01 00:12:03.948602,22.9113191,120.3125462,100453.43,116.827,100000.0,155.4754289420317,295.7890625,0.014599040150642395,19.80282249291198
1970-01-01 00:12:04.499574,22.9112367,120.3125145,100455.0,116.742,100000.0,155.4754289420317,295.7890625,0.014599040150642395,19.8026811621578
1970-01-01 00:12:04.931539,22.911163,120.3124726,100465.0,116.714,100000.0,155.4754289420317,295.7890625,0.014599040150642395,19.80251040319556
1970-01-01 00:12:05.341967,22.9110991,120.3124228,100467.0,116.57,100000.0,155.4754289420317,295.7890625,0.014599040150642395,19.802318290487154
1970-01-01 00:12:05.471569,22.9110991,120.3124228,100464.0,116.57,100000.0,155.4754289420317,295.7890625,0.014599040150642395,19.802318290487154
1970-01-01 00:12:05.903797,22.9110411,120.3123689,100476.0,116.115,100000.0,155.4754289420317,295.7890625,0.014599040150642395,19.802115530748782
1970-01-01 00:12:06.335924,22.910983,120.3123137,100464.0,115.566,100000.0,155.4754289420317,295.7890625,0.014599040150642395,19.801908589031594
1970-01-01 00:12:06.876030,22.9109175,120.3122618,100472.0,115.304,100000.0,155.4754289420317,295.7890625,0.014599040150642395,19.80170922064652
1970-01-01 00:12:07.934634,22.9107695,120.3121703,100481.164,115.328,100000.0,155.4754289420317,295.7890625,0.014599040150642395,19.801343352120732
1970-01-01 00:12:08.496191,22.9106987,120.3121204,100476.0,114.866,100000.0,155.4754289420317,295.7890625,0.014599040150642395,19.80114845907335
1970-01-01 00:12:08.928180,22.9106346,120.3120647,100489.0,114.677,100000.0,155.4754289420317,295.7890625,0.014599040150642395,19.800937766228547
1970-01-01 00:12:09.349394,22.910572,120.3120105,100490.57,114.988,100000.0,155.4754289420317,295.7890625,0.014599040150642395,19.80073276863956
1970-01-01 00:12:09.468288,22.910572,120.3120105,100486.0,114.988,100000.0,155.4754289420317,295.7890625,0.014599040150642395,19.80073276863956
1970-01-01 00:12:09.900287,22.9105067,120.3119621,100498.0,115.362,100000.0,155.4754289420317,295.7890625,0.014599040150642395,19.800545587207658
1970-01-01 00:12:10.332317,22.9104393,120.3119184,100488.0,115.3,100000.0,155.4754289420317,295.7890625,0.014599040150642395,19.80037288069171
1970-01-01 00:12:10.872587,22.9103725,120.3118755,100488.0,115.028,100000.0,155.4754289420317,295.7890625,0.014599040150642395,19.800203138322566
1970-01-01 00:12:11.952586,22.9102493,120.3117821,100507.0,113.756,100000.0,155.4754289420317,295.7890625,0.014599040150642395,19.799843845598506
1970-01-01 00:12:12.492591,22.9101997,120.3117281,100514.0,112.398,100000.0,155.4754289420317,295.7890625,0.014599040150642395,19.79964597486417
1970-01-01 00:12:12.924581,22.9101672,120.3116693,100518.0,111.458,100000.0,155.4754289420317,295.7890625,0.014599040150642395,19.799440259603468
1970-01-01 00:12:13.335012,22.9101547,120.311614,100525.836,111.807,100000.0,155.4754289420317,295.7890625,0.014599040150642395,19.799254959384463
1970-01-01 00:12:13.896641,22.9101563,120.3115673,100529.0,112.677,100000.0,155.4754289420317,295.7890625,0.014599040150642395,19.799103962922846
1970-01-01 00:12:14.328703,22.9101656,120.3115289,100533.0,113.243,100000.0,155.4754289420317,295.7890625,0.014599040150642395,19.798983397795677
1970-01-01 00:12:14.868706,22.9101786,120.3114937,100511.0,113.156,100000.0,155.4754289420317,295.7890625,0.014599040150642395,19.798874895714107
1970-01-01 00:12:15.516762,22.9101962,120.311454,100477.0,112.843,100000.0,155.4754289420317,295.7890625,0.014599040150642395,19.798753852143076
1970-01-01 00:12:15.948791,22.9102203,120.311407,100479.0,112.927,100000.0,155.4754289420317,295.7890625,0.014599040150642395,19.798612029054667
1970-01-01 00:12:16.488797,22.9102484,120.3113557,100486.0,113.414,100000.0,155.4754289420317,295.7890625,0.014599040150642395,19.798458057272313
1970-01-01 00:12:16.920823,22.910277,120.3112996,100471.0,113.929,100000.0,155.4754289420317,295.7890625,0.014599040150642395,19.798288767275746
1970-01-01 00:12:17.352782,22.9103065,120.3112368,100463.0,114.419,100000.0,155.4754289420317,295.7890625,0.014599040150642395,19.79809818851566
1970-01-01 00:12:17.460792,22.9103065,120.3112368,100435.0,114.419,100000.0,155.4754289420317,295.7890625,0.014599040150642395,19.79809818851566
1970-01-01 00:12:17.892775,22.9103383,120.3111697,100438.0,114.653,100000.0,155.4754289420317,295.7890625,0.014599040150642395,19.79789473889809
1970-01-01 00:12:18.325007,22.9103751,120.3111015,100455.0,114.663,100000.0,155.4754289420317,295.7890625,0.014599040150642395,19.797689988564233
1970-01-01 00:12:18.951525,22.9104158,120.311035,100448.164,114.681,100000.0,155.4754289420317,295.7890625,0.014599040150642395,19.79749251480802
1970-01-01 00:12:19.513220,22.9104576,120.3109682,100445.0,114.892,100000.0,155.4754289420317,295.7890625,0.014599040150642395,19.79729459574536
1970-01-01 00:12:19.945215,22.9104992,120.3109006,100447.0,115.086,100000.0,155.4754289420317,295.7890625,0.014599040150642395,19.79709404028988
1970-01-01 00:12:20.485257,22.9105423,120.3108337,100440.0,114.901,100000.0,155.4754289420317,295.7890625,0.014599040150642395,19.79689645077371
1970-01-01 00:12:20.917248,22.9105903,120.3107714,100441.0,114.505,100000.0,155.4754289420317,295.7890625,0.014599040150642395,19.796715926799163
1970-01-01 00:12:21.349819,22.9106421,120.310713,100435.0,114.291,100000.0,155.4754289420317,295.7890625,0.014599040150642395,19.796549700971806
1970-01-01 00:12:21.889812,22.9106936,120.3106523,100434.0,114.444,100000.0,155.4754289420317,295.7890625,0.014599040150642395,19.796375919180914
1970-01-01 00:12:22.321826,22.9107429,120.3105873,100424.0,114.71,100000.0,155.4754289420317,295.7890625,0.014599040150642395,19.796187294485723
1970-01-01 00:12:22.861907,22.9107905,120.3105194,100428.0,114.745,100000.0,155.4754289420317,295.7890625,0.014599040150642395,19.795988585081737
1970-01-01 00:12:23.509907,22.9108391,120.3104499,100418.0,114.537,100000.0,155.4754289420317,295.7890625,0.014599040150642395,19.79578517593531
1970-01-01 00:12:23.942008,22.9108906,120.3103796,100411.0,114.334,100000.0,155.4754289420317,295.7890625,0.014599040150642395,19.795580477176546
1970-01-01 00:12:24.352412,22.9109434,120.3103072,100408.336,114.434,100000.0,155.4754289420317,295.7890625,0.014599040150642395,19.795369595108422
1970-01-01 00:12:24.481968,22.9109434,120.3103072,100396.0,114.434,100000.0,155.4754289420317,295.7890625,0.014599040150642395,19.795369595108422
1970-01-01 00:12:24.914220,22.9109953,120.3102311,100407.0,114.693,100000.0,155.4754289420317,295.7890625,0.014599040150642395,19.795146419222853
1970-01-01 00:12:25.346210,22.9110454,120.3101515,100401.0,114.919,100000.0,155.4754289420317,295.7890625,0.014599040150642395,19.794911221410565
1970-01-01 00:12:25.886600,22.9110947,120.3100696,100384.0,115.19,100000.0,155.4754289420317,295.7890625,0.014599040150642395,19.794668318971375
1970-01-01 00:12:26.945039,22.9111983,120.3099077,100388.0,114.805,100000.0,155.4754289420317,295.7890625,0.014599040150642395,19.794190968679985
1970-01-01 00:12:27.506598,22.9112591,120.3098345,100381.0,114.438,100000.0,155.4754289420317,295.7890625,0.014599040150642395,19.793981190078533
1970-01-01 00:12:27.938590,22.9113289,120.3097723,100399.0,114.258,100000.0,155.4754289420317,295.7890625,0.014599040150642395,19.793810700502544
1970-01-01 00:12:28.478731,22.9114062,120.3097224,100388.0,114.216,100000.0,155.4754289420317,295.7890625,0.014599040150642395,19.793683004129402
1970-01-01 00:12:28.910797,22.9114898,120.309686,100389.0,114.281,100000.0,155.4754289420317,295.7890625,0.014599040150642395,19.7936014270749
1970-01-01 00:12:29.342851,22.911578,120.3096637,100392.0,114.366,100000.0,155.4754289420317,295.7890625,0.014599040150642395,19.793567168806742
1970-01-01 00:12:29.882797,22.9116696,120.3096561,100384.0,114.53,100000.0,155.4754289420317,295.7890625,0.014599040150642395,19.79358166140354
1970-01-01 00:12:30.854798,22.9118557,120.3096904,100375.0,114.519,100000.0,155.4754289420317,295.7890625,0.014599040150642395,19.793771333713526
1970-01-01 00:12:31.503002,22.9119453,120.309736,100388.0,114.345,100000.0,155.4754289420317,295.7890625,0.014599040150642395,19.79395648695945
1970-01-01 00:12:31.935032,22.9120283,120.3098012,100378.0,114.255,100000.0,155.4754289420317,295.7890625,0.014599040150642395,19.794202194411163
1970-01-01 00:12:32.345412,22.912102,120.3098842,100388.164,114.19,100000.0,155.4754289420317,295.7890625,0.014599040150642395,19.794501610214912
1970-01-01 00:12:32.475052,22.912102,120.3098842,100397.0,114.19,100000.0,155.4754289420317,295.7890625,0.014599040150642395,19.794501610214912
1970-01-01 00:12:32.907004,22.912164,120.3099831,100391.0,113.986,100000.0,155.4754289420317,295.7890625,0.014599040150642395,19.794847681310504
1970-01-01 00:12:33.339072,22.9122106,120.3100976,100394.0,113.757,100000.0,155.4754289420317,295.7890625,0.014599040150642395,19.795237953092478
1970-01-01 00:12:33.879088,22.9122403,120.3102243,100393.0,113.689,100000.0,155.4754289420317,295.7890625,0.014599040150642395,19.795660859421805
1970-01-01 00:12:34.937490,22.912247,120.3104985,100386.0,113.853,100000.0,155.4754289420317,295.7890625,0.014599040150642395,19.79655264568881
1970-01-01 00:12:35.499128,22.912223,120.3106404,100378.0,113.968,100000.0,155.4754289420317,295.7890625,0.014599040150642395,19.797002892259343
1970-01-01 00:12:35.931099,22.9121856,120.3107814,100381.0,114.218,100000.0,155.4754289420317,295.7890625,0.014599040150642395,19.797444753267566
1970-01-01 00:12:36.471006,22.9121427,120.310921,100362.0,114.518,100000.0,155.4754289420317,295.7890625,0.014599040150642395,19.797879986335676
1970-01-01 00:12:36.903029,22.9121002,120.3110637,100364.0,114.577,100000.0,155.4754289420317,295.7890625,0.014599040150642395,19.79832579110148
1970-01-01 00:12:37.335231,22.9120599,120.3112153,100324.0,114.063,100000.0,155.4754289420317,295.7890625,0.014599040150642395,19.798801884851233
1970-01-01 00:12:37.875242,22.9120243,120.3113744,100344.0,113.864,100000.0,155.4754289420317,295.7890625,0.014599040150642395,19.799304892204766
1970-01-01 00:12:38.944698,22.9119645,120.3117038,100313.57,115.098,100000.0,155.4754289420317,295.7890625,0.014599040150642395,19.80035389399681
1970-01-01 00:12:39.495581,22.9119381,120.3118719,100324.0,115.83,100000.0,155.4754289420317,295.7890625,0.014599040150642395,19.80089182215476
1970-01-01 00:12:39.927602,22.9119131,120.3120412,100329.0,116.155,100000.0,155.4754289420317,295.7890625,0.014599040150642395,19.801434837756414
1970-01-01 00:12:40.338189,22.9118906,120.3121956,100366.164,116.809,100000.0,155.4754289420317,295.7890625,0.014599040150642395,19.80193067202776
1970-01-01 00:12:40.467818,22.9118906,120.3121956,100394.0,116.809,100000.0,155.4754289420317,295.7890625,0.014599040150642395,19.80193067202776
1970-01-01 00:12:40.899856,22.911874,120.312334,100389.0,117.313,100000.0,155.4754289420317,295.7890625,0.014599040150642395,19.80237711810923
1970-01-01 00:12:41.331822,22.9118615,120.3124733,100383.0,116.933,100000.0,155.4754289420317,295.7890625,0.014599040150642395,19.802828747486142
1970-01-01 00:12:41.871800,22.9118518,120.3126098,100391.0,116.605,100000.0,155.4754289420317,295.7890625,0.014599040150642395,19.803272833962886
1970-01-01 00:12:42.519907,22.9118426,120.3127428,100404.0,116.505,100000.0,155.4754289420317,295.7890625,0.014599040150642395,19.803706016504016
1970-01-01 00:12:42.951907,22.9118319,120.3128728,100400.0,116.285,100000.0,155.4754289420317,295.7890625,0.014599040150642395,19.804129002510003
1970-01-01 00:12:43.492011,22.9118176,120.3130004,100413.0,115.932,100000.0,155.4754289420317,295.7890625,0.014599040150642395,19.804542779371804
1970-01-01 00:12:43.924013,22.911793,120.3131261,100391.0,115.901,100000.0,155.4754289420317,295.7890625,0.014599040150642395,19.8049458936665
1970-01-01 00:12:44.345247,22.9117522,120.3132474,100396.86,116.862,100000.0,155.4754289420317,295.7890625,0.014599040150642395,19.805327331833702
1970-01-01 00:12:44.464017,22.9117522,120.3132474,100395.0,116.862,100000.0,155.4754289420317,295.7890625,0.014599040150642395,19.805327331833702
1970-01-01 00:12:44.896006,22.911692,120.3133588,100393.0,118.429,100000.0,155.4754289420317,295.7890625,0.014599040150642395,19.805667369308235
1970-01-01 00:12:45.327911,22.9116126,120.3134571,100388.0,119.823,100000.0,155.4754289420317,295.7890625,0.014599040150642395,19.805955404283825
1970-01-01 00:12:45.868071,22.911523,120.3135418,100411.0,121.038,100000.0,155.4754289420317,295.7890625,0.014599040150642395,19.806193831652013
1970-01-01 00:12:46.516381,22.9114321,120.3136196,100377.0,122.017,100000.0,155.4754289420317,295.7890625,0.014599040150642395,19.80640885039419
1970-01-01 00:12:46.948400,22.9113448,120.3136964,100372.0,122.739,100000.0,155.4754289420317,295.7890625,0.014599040150642395,19.80662222049366
1970-01-01 00:12:47.488583,22.9112601,120.3137711,100373.0,123.224,100000.0,155.4754289420317,295.7890625,0.014599040150642395,19.806829846171944
1970-01-01 00:12:47.920578,22.9111742,120.3138393,100372.0,123.597,100000.0,155.4754289420317,295.7890625,0.014599040150642395,19.80701540415583
1970-01-01 00:12:48.352583,22.9110836,120.3138965,100376.0,123.869,100000.0,155.4754289420317,295.7890625,0.014599040150642395,19.80716235835808
1970-01-01 00:12:48.892558,22.9109889,120.3139411,100386.0,124.384,100000.0,155.4754289420317,295.7890625,0.014599040150642395,19.807265673284235
1970-01-01 00:12:49.324581,22.9108935,120.3139774,100381.0,125.106,100000.0,155.4754289420317,295.7890625,0.014599040150642395,19.807341153302055
1970-01-01 00:12:49.864583,22.9107994,120.3140087,100377.0,125.713,100000.0,155.4754289420317,295.7890625,0.014599040150642395,19.80740065209979
1970-01-01 00:12:50.512771,22.9107061,120.3140359,100372.0,126.045,100000.0,155.4754289420317,295.7890625,0.014599040150642395,19.807446916975284
1970-01-01 00:12:50.944783,22.9106125,120.3140546,100364.0,126.224,100000.0,155.4754289420317,295.7890625,0.014599040150642395,19.8074648852521
1970-01-01 00:12:51.485012,22.910519,120.3140614,100351.0,126.195,100000.0,155.4754289420317,295.7890625,0.014599040150642395,19.80744351472416
1970-01-01 00:12:51.917039,22.910428,120.314053,100359.0,126.222,100000.0,155.4754289420317,295.7890625,0.014599040150642395,19.807373050247584
1970-01-01 00:12:52.349006,22.9103415,120.3140307,100371.0,126.222,100000.0,155.4754289420317,295.7890625,0.014599040150642395,19.80725877332082
1970-01-01 00:12:52.456979,22.9103415,120.3140307,100363.0,126.222,100000.0,155.4754289420317,295.7890625,0.014599040150642395,19.80725877332082
1970-01-01 00:12:52.889042,22.9102605,120.3139979,100364.0,126.057,100000.0,155.4754289420317,295.7890625,0.014599040150642395,19.80711243473457
1970-01-01 00:12:53.321004,22.9101856,120.3139575,100375.0,125.801,100000.0,155.4754289420317,295.7890625,0.014599040150642395,19.806943931993956
1970-01-01 00:12:53.947421,22.9101181,120.3139107,100367.5,125.466,100000.0,155.4754289420317,295.7890625,0.014599040150642395,19.806757864523757
1970-01-01 00:12:54.509051,22.9100595,120.3138581,100387.0,125.082,100000.0,155.4754289420317,295.7890625,0.014599040150642395,19.806556937248786
1970-01-01 00:12:54.941014,22.9100096,120.3138026,100404.0,124.522,100000.0,155.4754289420317,295.7890625,0.014599040150642395,19.80635063339951
1970-01-01 00:12:55.481024,22.9099643,120.3137476,100416.0,123.698,100000.0,155.4754289420317,295.7890625,0.014599040150642395,19.806148241376285
1970-01-01 00:12:55.913034,22.90992,120.313694,100409.0,122.257,100000.0,155.4754289420317,295.7890625,0.014599040150642395,19.805951036045396
1970-01-01 00:12:56.345074,22.9098788,120.3136393,100432.0,121.455,100000.0,155.4754289420317,295.7890625,0.014599040150642395,19.805751760802828
1970-01-01 00:12:56.885403,22.9098434,120.3135847,100438.0,120.877,100000.0,155.4754289420317,295.7890625,0.014599040150642395,19.805555621364704
1970-01-01 00:12:57.317412,22.9098186,120.3135311,100449.0,120.248,100000.0,155.4754289420317,295.7890625,0.014599040150642395,19.80536780159836
1970-01-01 00:12:57.857445,22.9098073,120.3134801,100466.0,119.672,100000.0,155.4754289420317,295.7890625,0.014599040150642395,19.80519488912164
1970-01-01 00:12:58.505413,22.9098059,120.3134334,100483.0,119.043,100000.0,155.4754289420317,295.7890625,0.014599040150642395,19.805040769838804
1970-01-01 00:12:58.937488,22.909809,120.3133896,100485.0,117.898,100000.0,155.4754289420317,295.7890625,0.014599040150642395,19.80489831332917
1970-01-01 00:12:59.347907,22.9098143,120.3133458,100495.836,116.591,100000.0,155.4754289420317,295.7890625,0.014599040150642395,19.804756916301955
1970-01-01 00:12:59.477496,22.9098143,120.3133458,100491.0,116.591,100000.0,155.4754289420317,295.7890625,0.014599040150642395,19.804756916301955
1970-01-01 00:12:59.909631,22.90982,120.3133001,100502.0,115.822,100000.0,155.4754289420317,295.7890625,0.014599040150642395,19.80460950479307
1970-01-01 00:13:00.341811,22.9098241,120.3132534,100514.0,115.24,100000.0,155.4754289420317,295.7890625,0.014599040150642395,19.80445811221246
1970-01-01 00:13:00.881917,22.9098276,120.3132061,100526.0,114.134,100000.0,155.4754289420317,295.7890625,0.014599040150642395,19.804304518199675
1970-01-01 00:13:01.941043,22.9098353,120.3131066,100559.5,111.103,100000.0,155.4754289420317,295.7890625,0.014599040150642395,19.80398172506177
1970-01-01 00:13:02.502589,22.9098396,120.3130535,100574.0,109.389,100000.0,155.4754289420317,295.7890625,0.014599040150642395,19.80380963176217
1970-01-01 00:13:02.934604,22.9098438,120.312998,100590.0,107.679,100000.0,155.4754289420317,295.7890625,0.014599040150642395,19.803629686491266
1970-01-01 00:13:03.474696,22.9098478,120.31294,100606.0,106.207,100000.0,155.4754289420317,295.7890625,0.014599040150642395,19.80344152439674
1970-01-01 00:13:03.906697,22.9098513,120.3128806,100625.0,104.856,100000.0,155.4754289420317,295.7890625,0.014599040150642395,19.803248618728496
1970-01-01 00:13:04.338828,22.9098565,120.312821,100631.0,103.681,100000.0,155.4754289420317,295.7890625,0.014599040150642395,19.8030559116555
1970-01-01 00:13:04.878794,22.909866,120.3127631,100644.0,102.082,100000.0,155.4754289420317,295.7890625,0.014599040150642395,19.80287080760991
1970-01-01 00:13:05.948177,22.9099035,120.3126529,100674.29,99.718,100000.0,155.4754289420317,295.7890625,0.014599040150642395,19.802527549327074
1970-01-01 00:13:06.499004,22.9099246,120.3125992,100699.0,99.398,100000.0,155.4754289420317,295.7890625,0.014599040150642395,19.802361638501086
1970-01-01 00:13:06.931013,22.9099444,120.3125465,100696.0,98.014,100000.0,155.4754289420317,295.7890625,0.014599040150642395,19.802198443955437
1970-01-01 00:13:07.341391,22.9099631,120.3124921,100702.836,96.267,100000.0,155.4754289420317,295.7890625,0.014599040150642395,19.80202923617661
1970-01-01 00:13:07.471030,22.9099631,120.3124921,100697.0,96.267,100000.0,155.4754289420317,295.7890625,0.014599040150642395,19.80202923617661
1970-01-01 00:13:07.903174,22.9099809,120.3124346,100747.0,94.945,100000.0,155.4754289420317,295.7890625,0.014599040150642395,19.801849541431075
1970-01-01 00:13:08.335522,22.9099985,120.3123768,100761.0,93.271,100000.0,155.4754289420317,295.7890625,0.014599040150642395,19.801668829289298
1970-01-01 00:13:08.875487,22.9100144,120.3123159,100793.0,89.771,100000.0,155.4754289420317,295.7890625,0.014599040150642395,19.801477283830298
1970-01-01 00:13:09.933967,22.910045,120.3121887,100870.836,81.06,100000.0,155.4754289420317,295.7890625,0.014599040150642395,19.80107623011441
1970-01-01 00:13:10.495632,22.9100615,120.31212,100931.0,76.358,100000.0,155.4754289420317,295.7890625,0.014599040150642395,19.800859727323434
1970-01-01 00:13:10.927806,22.9100779,120.3120483,100965.0,71.509,100000.0,155.4754289420317,295.7890625,0.014599040150642395,19.80063348715048
1970-01-01 00:13:11.349084,22.9100952,120.3119714,100979.86,67.395,100000.0,155.4754289420317,295.7890625,0.014599040150642395,19.800390808593104
1970-01-01 00:13:11.467907,22.9100952,120.3119714,100993.0,67.395,100000.0,155.4754289420317,295.7890625,0.014599040150642395,19.800390808593104
1970-01-01 00:13:11.899908,22.9101123,120.3118903,101026.0,65.614,100000.0,155.4754289420317,295.7890625,0.014599040150642395,19.80013447367011
1970-01-01 00:13:12.331906,22.910127,120.3118129,101058.0,64.753,100000.0,155.4754289420317,295.7890625,0.014599040150642395,19.7998892158943
1970-01-01 00:13:12.871911,22.9101402,120.3117398,101078.0,63.112,100000.0,155.4754289420317,295.7890625,0.014599040150642395,19.799657377539425
1970-01-01 00:13:13.519906,22.9101525,120.3116686,101089.0,60.876,100000.0,155.4754289420317,295.7890625,0.014599040150642395,19.799431410335657
1970-01-01 00:13:13.952199,22.9101645,120.3115977,101120.0,58.928,100000.0,155.4754289420317,295.7890625,0.014599040150642395,19.79920637761785
1970-01-01 00:13:14.492193,22.9101749,120.311527,101145.0,57.424,100000.0,155.4754289420317,295.7890625,0.014599040150642395,19.79898137431036
1970-01-01 00:13:14.924376,22.9101836,120.3114583,101155.0,56.399,100000.0,155.4754289420317,295.7890625,0.014599040150642395,19.79876220103064
1970-01-01 00:13:15.334826,22.9101908,120.3113927,101155.0,55.816,100000.0,155.4754289420317,295.7890625,0.014599040150642395,19.79855251062521
1970-01-01 00:13:15.896416,22.9101944,120.3113306,101176.0,55.638,100000.0,155.4754289420317,295.7890625,0.014599040150642395,19.798352658239605
1970-01-01 00:13:16.328611,22.9101968,120.311273,101178.0,55.72,100000.0,155.4754289420317,295.7890625,0.014599040150642395,19.798166942674467
1970-01-01 00:13:16.868595,22.9101972,120.3112185,101178.0,55.59,100000.0,155.4754289420317,295.7890625,0.014599040150642395,19.797990457613402
1970-01-01 00:13:17.516700,22.9101951,120.3111652,101164.0,55.219,100000.0,155.4754289420317,295.7890625,0.014599040150642395,19.797816818363316
1970-01-01 00:13:17.948694,22.9101939,120.3111096,101173.0,54.975,100000.0,155.4754289420317,295.7890625,0.014599040150642395,19.797636191986335
1970-01-01 00:13:18.488788,22.9101948,120.3110525,101150.0,54.692,100000.0,155.4754289420317,295.7890625,0.014599040150642395,19.79745170490659
1970-01-01 00:13:18.920910,22.910196,120.3109932,101164.0,54.496,100000.0,155.4754289420317,295.7890625,0.014599040150642395,19.797260300586466
1970-01-01 00:13:19.342278,22.910198,120.3109316,101159.71,54.2,100000.0,155.4754289420317,295.7890625,0.014599040150642395,19.797061883547048
1970-01-01 00:13:19.461067,22.910198,120.3109316,101182.0,54.2,100000.0,155.4754289420317,295.7890625,0.014599040150642395,19.797061883547048
1970-01-01 00:13:19.893039,22.9102025,120.310869,101167.0,53.795,100000.0,155.4754289420317,295.7890625,0.014599040150642395,19.796861412155017
1970-01-01 00:13:20.325093,22.9102086,120.310805,101164.0,53.545,100000.0,155.4754289420317,295.7890625,0.014599040150642395,19.79665719791415
1970-01-01 00:13:20.951521,22.91021,120.3107372,101156.164,53.569,100000.0,155.4754289420317,295.7890625,0.014599040150642395,19.796438728135133
1970-01-01 00:13:21.513211,22.9102043,120.3106666,101135.0,54.264,100000.0,155.4754289420317,295.7890625,0.014599040150642395,19.79620820692057
1970-01-01 00:13:21.945184,22.9101873,120.3105966,101110.0,55.645,100000.0,155.4754289420317,295.7890625,0.014599040150642395,19.79597479866557
1970-01-01 00:13:22.485072,22.9101571,120.3105309,101111.0,57.591,100000.0,155.4754289420317,295.7890625,0.014599040150642395,19.795749626938786
1970-01-01 00:13:22.917076,22.9101168,120.3104717,101095.0,59.769,100000.0,155.4754289420317,295.7890625,0.014599040150642395,19.795541136305243
1970-01-01 00:13:23.349087,22.910067,120.3104196,101072.0,61.62,100000.0,155.4754289420317,295.7890625,0.014599040150642395,19.795351503779035
1970-01-01 00:13:23.889091,22.9100094,120.3103773,101064.0,63.268,100000.0,155.4754289420317,295.7890625,0.014599040150642395,19.795190143175336
1970-01-01 00:13:24.321111,22.9099473,120.3103443,101045.0,64.916,100000.0,155.4754289420317,295.7890625,0.014599040150642395,19.795056844711876
1970-01-01 00:13:24.861011,22.9098822,120.310319,101032.0,66.361,100000.0,155.4754289420317,295.7890625,0.014599040150642395,19.794947077845286
1970-01-01 00:13:25.509077,22.9098142,120.3103022,101022.0,67.629,100000.0,155.4754289420317,295.7890625,0.014599040150642395,19.794863434371294
1970-01-01 00:13:25.941079,22.9097441,120.3102973,101005.0,68.7,100000.0,155.4754289420317,295.7890625,0.014599040150642395,19.794817173826196
1970-01-01 00:13:26.351557,22.9096757,120.3103061,100992.5,69.667,100000.0,155.4754289420317,295.7890625,0.014599040150642395,19.794815711814493
1970-01-01 00:13:26.481272,22.9096757,120.3103061,100993.0,69.667,100000.0,155.4754289420317,295.7890625,0.014599040150642395,19.794815711814493
1970-01-01 00:13:26.913222,22.9096119,120.3103282,100988.0,70.773,100000.0,155.4754289420317,295.7890625,0.014599040150642395,19.79485900779101
1970-01-01 00:13:27.345424,22.9095543,120.3103606,100975.0,71.888,100000.0,155.4754289420317,295.7890625,0.014599040150642395,19.794938110171646
1970-01-01 00:13:27.885390,22.9095022,120.3103995,100977.0,72.84,100000.0,155.4754289420317,295.7890625,0.014599040150642395,19.795040502546343
1970-01-01 00:13:28.944226,22.9094069,120.3104853,100980.5,72.764,100000.0,155.4754289420317,295.7890625,0.014599040150642395,19.795274890295516
1970-01-01 00:13:29.505802,22.9093631,120.3105332,100979.0,71.617,100000.0,155.4754289420317,295.7890625,0.014599040150642395,19.795409857599402
1970-01-01 00:13:29.937801,22.9093232,120.3105874,100984.0,70.675,100000.0,155.4754289420317,295.7890625,0.014599040150642395,19.795566821761746
1970-01-01 00:13:30.477907,22.9092861,120.3106446,100989.0,70.439,100000.0,155.4754289420317,295.7890625,0.014599040150642395,19.795734695662016
1970-01-01 00:13:30.909908,22.9092512,120.3107037,100991.0,70.031,100000.0,155.4754289420317,295.7890625,0.014599040150642395,19.795909685542107
1970-01-01 00:13:31.342103,22.9092185,120.3107651,100989.0,69.392,100000.0,155.4754289420317,295.7890625,0.014599040150642395,19.796093089704982
1970-01-01 00:13:31.882199,22.9091864,120.3108292,100995.0,68.9,100000.0,155.4754289420317,295.7890625,0.014599040150642395,19.796285502969305
1970-01-01 00:13:32.951526,22.9091187,120.3109617,100994.29,68.722,100000.0,155.4754289420317,295.7890625,0.014599040150642395,19.79668279661811
1970-01-01 00:13:33.502487,22.9090871,120.3110295,100999.0,68.639,100000.0,155.4754289420317,295.7890625,0.014599040150642395,19.796887518563363
1970-01-01 00:13:33.934646,22.909058,120.3110978,101006.0,68.273,100000.0,155.4754289420317,295.7890625,0.014599040150642395,19.797095021964267
1970-01-01 00:13:34.345207,22.9090299,120.3111667,101007.0,67.774,100000.0,155.4754289420317,295.7890625,0.014599040150642395,19.797304970047822
1970-01-01 00:13:34.474802,22.9090299,120.3111667,100998.0,67.774,100000.0,155.4754289420317,295.7890625,0.014599040150642395,19.797304970047822
1970-01-01 00:13:34.906819,22.9090024,120.3112356,101009.0,67.369,100000.0,155.4754289420317,295.7890625,0.014599040150642395,19.797515251029047
1970-01-01 00:13:35.339001,22.9089772,120.3113029,101003.0,67.497,100000.0,155.4754289420317,295.7890625,0.014599040150642395,19.79772145391697
1970-01-01 00:13:35.879001,22.9089557,120.3113674,101018.0,67.953,100000.0,155.4754289420317,295.7890625,0.014599040150642395,19.797920323430542
1970-01-01 00:13:36.937406,22.9089293,120.3114866,101003.0,68.894,100000.0,155.4754289420317,295.7890625,0.014599040150642395,19.798293983124523
1970-01-01 00:13:37.499090,22.908927,120.3115389,101001.0,69.264,100000.0,155.4754289420317,295.7890625,0.014599040150642395,19.798462168011092
1970-01-01 00:13:37.931083,22.9089311,120.3115849,101008.0,69.382,100000.0,155.4754289420317,295.7890625,0.014599040150642395,19.798612887120473
1970-01-01 00:13:38.352341,22.9089396,120.3116273,101008.0,68.972,100000.0,155.4754289420317,295.7890625,0.014599040150642395,19.798753973867864
1970-01-01 00:13:38.471088,22.9089396,120.3116273,101007.0,68.972,100000.0,155.4754289420317,295.7890625,0.014599040150642395,19.798753973867864
1970-01-01 00:13:38.903071,22.908951,120.3116693,101007.0,68.111,100000.0,155.4754289420317,295.7890625,0.014599040150642395,19.798895113584337
1970-01-01 00:13:39.335138,22.9089662,120.3117125,101013.0,67.594,100000.0,155.4754289420317,295.7890625,0.014599040150642395,19.79904189718898
1970-01-01 00:13:39.875223,22.9089836,120.311756,101021.0,67.482,100000.0,155.4754289420317,295.7890625,0.014599040150642395,19.799190695697117
1970-01-01 00:13:40.945026,22.9090232,120.3118324,101040.14,66.691,100000.0,155.4754289420317,295.7890625,0.014599040150642395,19.799456240455815
1970-01-01 00:13:41.496015,22.9090447,120.3118649,101045.0,65.86,100000.0,155.4754289420317,295.7890625,0.014599040150642395,19.79957135492086
1970-01-01 00:13:41.928042,22.9090669,120.3118954,101063.0,65.093,100000.0,155.4754289420317,295.7890625,0.014599040150642395,19.799680330259545
1970-01-01 00:13:42.338590,22.9090897,120.3119267,101060.164,64.218,100000.0,155.4754289420317,295.7890625,0.014599040150642395,19.799792205325122
1970-01-01 00:13:42.900194,22.909114,120.3119595,101064.0,63.571,100000.0,155.4754289420317,295.7890625,0.014599040150642395,19.79990966209237
1970-01-01 00:13:43.332193,22.9091392,120.311993,101068.0,63.341,100000.0,155.4754289420317,295.7890625,0.014599040150642395,19.800029836499263
1970-01-01 00:13:43.872214,22.909165,120.3120253,101068.0,63.037,100000.0,155.4754289420317,295.7890625,0.014599040150642395,19.80014642279519
1970-01-01 00:13:44.520230,22.9091918,120.312055,101074.0,62.646,100000.0,155.4754289420317,295.7890625,0.014599040150642395,19.800255049367415
1970-01-01 00:13:44.930587,22.9092191,120.3120832,101082.836,62.096,100000.0,155.4754289420317,295.7890625,0.014599040150642395,19.800359059254234
1970-01-01 00:13:45.492174,22.9092464,120.3121111,101083.0,61.383,100000.0,155.4754289420317,295.7890625,0.014599040150642395,19.800462124201662
1970-01-01 00:13:45.924318,22.9092754,120.3121396,101076.0,60.691,100000.0,155.4754289420317,295.7890625,0.014599040150642395,19.800567940822493
1970-01-01 00:13:46.345495,22.9093092,120.31217,101077.0,60.291,100000.0,155.4754289420317,295.7890625,0.014599040150642395,19.80068214647037
1970-01-01 00:13:46.464279,22.9093092,120.31217,101074.0,60.291,100000.0,155.4754289420317,295.7890625,0.014599040150642395,19.80068214647037
1970-01-01 00:13:46.896376,22.909348,120.3122033,101078.0,60.176,100000.0,155.4754289420317,295.7890625,0.014599040150642395,19.800808095175853
1970-01-01 00:13:47.328376,22.90939,120.3122361,101105.0,60.318,100000.0,155.4754289420317,295.7890625,0.014599040150642395,19.800933914224938
1970-01-01 00:13:47.868532,22.9094304,120.3122653,101109.0,60.361,100000.0,155.4754289420317,295.7890625,0.014599040150642395,19.80104732937443
1970-01-01 00:13:48.516586,22.9094693,120.3122895,101107.0,60.122,100000.0,155.4754289420317,295.7890625,0.014599040150642395,19.80114381362377
1970-01-01 00:13:48.948709,22.9095072,120.3123113,101106.0,59.996,100000.0,155.4754289420317,295.7890625,0.014599040150642395,19.801232051497543
1970-01-01 00:13:49.488800,22.9095432,120.3123333,101119.0,60.252,100000.0,155.4754289420317,295.7890625,0.014599040150642395,19.80132010120871
1970-01-01 00:13:49.921011,22.9095769,120.3123558,101110.0,60.232,100000.0,155.4754289420317,295.7890625,0.014599040150642395,19.8014087585425
1970-01-01 00:13:50.331564,22.9096096,120.3123793,101102.664,60.153,100000.0,155.4754289420317,295.7890625,0.014599040150642395,19.801500245235154
1970-01-01 00:13:50.893435,22.9096389,120.312403,101111.0,60.633,100000.0,155.4754289420317,295.7890625,0.014599040150642395,19.801590862091604
1970-01-01 00:13:51.325401,22.9096647,120.3124261,101111.0,60.75,100000.0,155.4754289420317,295.7890625,0.014599040150642395,19.80167795247408
1970-01-01 00:13:51.865478,22.9096895,120.3124482,101113.0,60.155,100000.0,155.4754289420317,295.7890625,0.014599040150642395,19.801761346293596
1970-01-01 00:13:52.513485,22.9097138,120.3124711,101104.0,59.691,100000.0,155.4754289420317,295.7890625,0.014599040150642395,19.801847143308528
1970-01-01 00:13:52.945488,22.9097366,120.3124975,101106.0,59.614,100000.0,155.4754289420317,295.7890625,0.014599040150642395,19.801943703463465
1970-01-01 00:13:53.485906,22.9097617,120.3125282,101093.0,59.319,100000.0,155.4754289420317,295.7890625,0.014599040150642395,19.802055379014504
1970-01-01 00:13:53.917927,22.9097943,120.3125572,101090.0,59.134,100000.0,155.4754289420317,295.7890625,0.014599040150642395,19.802164957118624
1970-01-01 00:13:54.349883,22.9098343,120.3125798,101090.0,59.249,100000.0,155.4754289420317,295.7890625,0.014599040150642395,19.802257036016645
1970-01-01 00:13:54.457907,22.9098343,120.3125798,101091.0,59.249,100000.0,155.4754289420317,295.7890625,0.014599040150642395,19.802257036016645
1970-01-01 00:13:54.890063,22.9098792,120.3125966,101091.0,59.609,100000.0,155.4754289420317,295.7890625,0.014599040150642395,19.8023324221276
1970-01-01 00:13:55.948699,22.9099674,120.3126213,101092.0,60.056,100000.0,155.4754289420317,295.7890625,0.014599040150642395,19.8024534165593
1970-01-01 00:13:56.510699,22.9100071,120.3126257,101084.0,60.752,100000.0,155.4754289420317,295.7890625,0.014599040150642395,19.802485924562987
1970-01-01 00:13:56.942704,22.9100407,120.3126202,101095.0,61.873,100000.0,155.4754289420317,295.7890625,0.014599040150642395,19.802483274800387
1970-01-01 00:13:57.482714,22.9100678,120.3126095,101093.0,62.666,100000.0,155.4754289420317,295.7890625,0.014599040150642395,19.80246065009432
1970-01-01 00:13:57.914801,22.9100916,120.3125982,101087.0,62.799,100000.0,155.4754289420317,295.7890625,0.014599040150642395,19.802434554222405
1970-01-01 00:13:58.346826,22.9101137,120.3125868,101097.0,62.708,100000.0,155.4754289420317,295.7890625,0.014599040150642395,19.802407353120138
1970-01-01 00:13:58.887034,22.9101356,120.3125789,101096.0,62.676,100000.0,155.4754289420317,295.7890625,0.014599040150642395,19.80239150319938
1970-01-01 00:13:59.859011,22.9101773,120.3125608,101077.0,61.839,100000.0,155.4754289420317,295.7890625,0.014599040150642395,19.802351317473544
1970-01-01 00:14:00.507003,22.9101962,120.3125374,101069.0,61.496,100000.0,155.4754289420317,295.7890625,0.014599040150642395,19.802283410293647
1970-01-01 00:14:00.938998,22.9102119,120.312505,101092.0,61.777,100000.0,155.4754289420317,295.7890625,0.014599040150642395,19.802184626858562
1970-01-01 00:14:01.349376,22.9102223,120.3124694,101100.164,61.79,100000.0,155.4754289420317,295.7890625,0.014599040150642395,19.802072987608582
1970-01-01 00:14:01.478998,22.9102223,120.3124694,101109.0,61.79,100000.0,155.4754289420317,295.7890625,0.014599040150642395,19.802072987608582
1970-01-01 00:14:01.911053,22.9102301,120.312434,101106.0,61.357,100000.0,155.4754289420317,295.7890625,0.014599040150642395,19.801960841415486
1970-01-01 00:14:02.343186,22.9102357,120.312398,101096.0,60.834,100000.0,155.4754289420317,295.7890625,0.014599040150642395,19.801845758503998
1970-01-01 00:14:02.883194,22.9102394,120.3123587,101097.0,60.477,100000.0,155.4754289420317,295.7890625,0.014599040150642395,19.80171905976347
1970-01-01 00:14:03.941907,22.910248,120.3122722,101109.164,59.508,100000.0,155.4754289420317,295.7890625,0.014599040150642395,19.80144050957092
1970-01-01 00:14:04.503581,22.9102525,120.312226,101115.0,58.77,100000.0,155.4754289420317,295.7890625,0.014599040150642395,19.801291753911503
1970-01-01 00:14:04.935798,22.9102562,120.3121781,101126.0,58.361,100000.0,155.4754289420317,295.7890625,0.014599040150642395,19.801137133426693
1970-01-01 00:14:05.475848,22.9102597,120.3121288,101128.0,58.028,100000.0,155.4754289420317,295.7890625,0.014599040150642395,19.800977903585498
1970-01-01 00:14:05.907815,22.9102629,120.3120787,101123.0,57.709,100000.0,155.4754289420317,295.7890625,0.014599040150642395,19.800815980122106
1970-01-01 00:14:06.340001,22.9102638,120.312028,101131.0,57.358,100000.0,155.4754289420317,295.7890625,0.014599040150642395,19.800651117029336
1970-01-01 00:14:06.880059,22.9102627,120.311977,101132.0,57.05,100000.0,155.4754289420317,295.7890625,0.014599040150642395,19.80048443196514
1970-01-01 00:14:07.949495,22.9102519,120.3118728,101156.43,55.949,100000.0,155.4754289420317,295.7890625,0.014599040150642395,19.800140211624193
1970-01-01 00:14:08.500204,22.9102461,120.3118188,101168.0,54.852,100000.0,155.4754289420317,295.7890625,0.014599040150642395,19.799961835316726
1970-01-01 00:14:08.932245,22.9102438,120.3117642,101174.0,53.975,100000.0,155.4754289420317,295.7890625,0.014599040150642395,19.799783144424264
1970-01-01 00:14:09.342649,22.910242,120.3117084,101179.336,53.269,100000.0,155.4754289420317,295.7890625,0.014599040150642395,19.79960084221758
1970-01-01 00:14:09.472319,22.910242,120.3117084,101186.0,53.269,100000.0,155.4754289420317,295.7890625,0.014599040150642395,19.79960084221758
1970-01-01 00:14:09.904320,22.9102384,120.3116509,101190.0,52.395,100000.0,155.4754289420317,295.7890625,0.014599040150642395,19.799412279079274
1970-01-01 00:14:10.336293,22.9102342,120.3115915,101192.0,51.102,100000.0,155.4754289420317,295.7890625,0.014599040150642395,19.79921735018414
1970-01-01 00:14:10.876322,22.9102312,120.31153,101218.0,50.078,100000.0,155.4754289420317,295.7890625,0.014599040150642395,19.799016216904246
1970-01-01 00:14:11.934797,22.910224,120.3114066,101233.836,48.243,100000.0,155.4754289420317,295.7890625,0.014599040150642395,19.79861237611564
1970-01-01 00:14:12.496375,22.9102178,120.311347,101249.0,47.655,100000.0,155.4754289420317,295.7890625,0.014599040150642395,19.79841624382515
1970-01-01 00:14:12.928697,22.9102115,120.3112902,101267.0,46.867,100000.0,155.4754289420317,295.7890625,0.014599040150642395,19.798229230556945
1970-01-01 00:14:13.350052,22.9102046,120.3112347,101265.57,45.326,100000.0,155.4754289420317,295.7890625,0.014599040150642395,19.798046241996882
1970-01-01 00:14:13.469010,22.9102046,120.3112347,101270.0,45.326,100000.0,155.4754289420317,295.7890625,0.014599040150642395,19.798046241996882
1970-01-01 00:14:13.901013,22.9101972,120.3111795,101286.0,44.577,100000.0,155.4754289420317,295.7890625,0.014599040150642395,19.797864078249326
1970-01-01 00:14:14.333009,22.91019,120.3111278,101284.0,44.959,100000.0,155.4754289420317,295.7890625,0.014599040150642395,19.797693412645916
1970-01-01 00:14:14.873009,22.9101833,120.3110806,101286.0,44.906,100000.0,155.4754289420317,295.7890625,0.014599040150642395,19.797537602651467
1970-01-01 00:14:15.521011,22.9101784,120.3110362,101304.0,44.386,100000.0,155.4754289420317,295.7890625,0.014599040150642395,19.79739170397315
1970-01-01 00:14:15.942206,22.9101756,120.3109941,101310.43,43.714,100000.0,155.4754289420317,295.7890625,0.014599040150642395,19.797254220236773
1970-01-01 00:14:16.493019,22.9101726,120.3109532,101320.0,42.847,100000.0,155.4754289420317,295.7890625,0.014599040150642395,19.79712057096868
1970-01-01 00:14:16.925027,22.9101707,120.3109124,101354.0,41.993,100000.0,155.4754289420317,295.7890625,0.014599040150642395,19.796987767768844
1970-01-01 00:14:17.335404,22.9101729,120.3108809,101352.0,41.951,100000.0,155.4754289420317,295.7890625,0.014599040150642395,19.796886874224757
1970-01-01 00:14:17.897004,22.9101753,120.3108596,101353.0,41.931,100000.0,155.4754289420317,295.7890625,0.014599040150642395,19.79681906348192
1970-01-01 00:14:18.329108,22.9101753,120.3108493,101360.0,41.905,100000.0,155.4754289420317,295.7890625,0.014599040150642395,19.7967857655078
1970-01-01 00:14:18.869074,22.9101751,120.3108487,101361.0,41.875,100000.0,155.4754289420317,295.7890625,0.014599040150642395,19.79678373799589
1970-01-01 00:14:19.517106,22.9101751,120.3108486,101362.0,41.846,100000.0,155.4754289420317,295.7890625,0.014599040150642395,19.796783414727393
1970-01-01 00:14:19.949070,22.910175,120.3108486,101362.0,41.826,100000.0,155.4754289420317,295.7890625,0.014599040150642395,19.796783370780012
1970-01-01 00:14:20.489212,22.9101751,120.3108486,101364.0,41.797,100000.0,155.4754289420317,295.7890625,0.014599040150642395,19.796783414727393
1970-01-01 00:14:20.921384,22.9101751,120.3108485,101357.0,41.76,100000.0,155.4754289420317,295.7890625,0.014599040150642395,19.796783091459062
1970-01-01 00:14:21.342596,22.910175,120.3108485,101358.71,41.735,100000.0,155.4754289420317,295.7890625,0.014599040150642395,19.796783047511774
1970-01-01 00:14:21.461471,22.910175,120.3108485,101358.0,41.735,100000.0,155.4754289420317,295.7890625,0.014599040150642395,19.796783047511774
